Track-ID,Title,danceability,energy,key,loudness,mode,speechiness,acousticness,instrumentalness,liveness,valence,tempo,duration_ms,time_signature,playlist
76Ef208V2nkxvbvs7pzKdA,On s'aimera toujours,0.564,0.739,4,-7.219,0,0.0346,0.0192,0,0.321,0.695,120.025,208253,4,27Btp6siG2Icz9As9YsxwO
0DeAfjxXBBBexsjQyLSzlv,Malade,0.687,0.868,9,-5.892,0,0.0645,0.392,0,0.0952,0.511,93.889,173733,4,27Btp6siG2Icz9As9YsxwO
0n9eeQnvzmMcq0l4DeGWQH,Respire encore,0.626,0.769,11,-6.167,0,0.05,0.306,1.73e-06,0.111,0.579,115.981,227333,4,27Btp6siG2Icz9As9YsxwO
0H9Bj7W9jMMtmy1sy2ur4L,L'Indien,0.736,0.489,0,-8.257,1,0.0353,0.196,0.00385,0.127,0.34,129.997,211573,4,27Btp6siG2Icz9As9YsxwO
5mQFAjq6NwYUf8oyEj8fcZ,Hiroshima,0.672,0.719,10,-7.078,0,0.0335,0.571,8.74e-06,0.117,0.294,99.971,199760,4,27Btp6siG2Icz9As9YsxwO
0qFtiaYDCd988LdWYQGqYv,Maman m'a dit,0.618,0.461,10,-9.83,0,0.148,0.834,0.0124,0.0878,0.504,173.947,157267,4,27Btp6siG2Icz9As9YsxwO
5HLFigrYkYzSqjTpu3dxJy,J'ai choisi,0.652,0.694,7,-8.729,0,0.0296,0.227,0.548,0.159,0.446,131.994,236083,4,27Btp6siG2Icz9As9YsxwO
2wnSV5bkZCL7otSQCnjjtG,J't'emmène au vent,0.768,0.641,5,-5.284,0,0.0946,0.068,0,0.122,0.303,117.851,148213,4,27Btp6siG2Icz9As9YsxwO
5CDAE7eQri0r39WCFavhRr,Amour Fou,0.912,0.639,1,-7.315,0,0.0507,0.487,0.00483,0.143,0.647,120.019,174066,4,27Btp6siG2Icz9As9YsxwO
3OwQzjEIWQTLuWuf7XCR5n,Ne reste pas de glace,0.823,0.578,6,-7.814,0,0.0389,0.0141,0,0.108,0.919,120.034,176462,4,27Btp6siG2Icz9As9YsxwO
7zNcnu47gqGsRa6nuxnMuY,Le Chant des Feuillants,0.531,0.529,1,-7.645,0,0.031,0.669,0,0.106,0.255,105.041,197545,3,27Btp6siG2Icz9As9YsxwO
6wPcKSsYnLvivkceGheQYn,Le con qui s'adore (feat. Bel) [Radio edit],0.833,0.731,10,-7.152,0,0.0687,0.0685,1.21e-05,0.207,0.596,100.007,187651,4,27Btp6siG2Icz9As9YsxwO
3Ha1oqdeoewR3t5yg3Nkiq,Les incertains anonymes,0.771,0.494,11,-8.808,0,0.276,0.311,0.000614,0.109,0.417,95.99,145302,4,27Btp6siG2Icz9As9YsxwO
5TDCRN75Sr2suNe8KbNmAy,Fête grise,0.691,0.452,8,-11.403,1,0.109,0.554,2.68e-05,0.15,0.523,82.98,219107,4,27Btp6siG2Icz9As9YsxwO
6D0SQvPk6YyRJUUvppx5X1,Trop vite - Version single,0.696,0.727,6,-6.049,0,0.0555,0.0777,7.54e-06,0.105,0.192,115.919,202107,4,27Btp6siG2Icz9As9YsxwO
7xcBqYe8VQiKIZMjw6fDVa,Sous les pavés,0.759,0.676,0,-6.117,0,0.0431,0.0244,0,0.067,0.693,117.025,200973,4,27Btp6siG2Icz9As9YsxwO
6wqv1yeDe2wlPmQEM5ZCYb,Gisèle,0.762,0.481,5,-11.057,0,0.234,0.519,0.0154,0.124,0.317,108.989,196162,4,27Btp6siG2Icz9As9YsxwO
4hErUfUbYjv3gFH0aC7FQV,Lola à l'eau,0.774,0.69,1,-5.667,1,0.0383,0.0191,0.238,0.0651,0.931,116.001,210787,4,27Btp6siG2Icz9As9YsxwO
5RiRpx9c3WfQjSrM0PQ85h,Dis-moi qui tu es,0.622,0.506,6,-7.298,0,0.053,0.367,0,0.111,0.271,97.965,192209,4,27Btp6siG2Icz9As9YsxwO
2kUXqI4t2eLYqCh7Z8guP1,Jusqu'au bout,0.701,0.696,10,-5.795,0,0.0953,0.192,1.35e-06,0.0942,0.68,117.977,176043,4,27Btp6siG2Icz9As9YsxwO
44W3PGV0HOeAGBkxwPc98S,Donne-moi ton cœur,0.69,0.695,8,-7.036,0,0.165,0.601,0.0078,0.106,0.293,95.065,189870,4,27Btp6siG2Icz9As9YsxwO
1JfVQICpWIppzU2xX2OYlY,T'aimerais que ce soit vrai,0.75,0.579,4,-8.457,0,0.109,0.3,0.198,0.0832,0.603,119.995,159413,4,27Btp6siG2Icz9As9YsxwO
1Kf6lFeOpwBy3TPHXkIpSp,Fortune,0.535,0.197,9,-14.152,0,0.048,0.925,0.176,0.0995,0.0789,120.642,172533,4,27Btp6siG2Icz9As9YsxwO
7llncGoKNVtPHHI2JHJEcx,Encore,0.865,0.584,11,-6.889,0,0.0891,0.341,3.45e-05,0.0851,0.52,93.48,182721,4,27Btp6siG2Icz9As9YsxwO
2gYpEoW6Zwp6kQL44S9otE,Nothing Breaks Like a Heart,0.392,0.521,9,-9.023,0,0.054,0.839,6.4e-06,0.101,0.258,109.52,216000,4,27Btp6siG2Icz9As9YsxwO
1VjAH3cm6flXOmkObt10Hx,Jeunes et cons,0.568,0.635,9,-6.274,0,0.0259,0.558,0,0.0785,0.287,87.017,289986,4,27Btp6siG2Icz9As9YsxwO
7rBP4bLjMLNkix1nGHjheP,Oui ou non,0.649,0.574,2,-7.856,1,0.143,0.635,1.28e-05,0.161,0.361,199.906,196800,4,27Btp6siG2Icz9As9YsxwO
5wTDnHOvbtgcMwWds3jKTc,En stop,0.682,0.801,8,-6.845,0,0.172,0.164,0,0.297,0.473,125.111,200605,4,27Btp6siG2Icz9As9YsxwO
3x8kNTxkzMdE6eAA6ins2p,Et toi mon amour,0.794,0.733,11,-4.677,1,0.127,0.359,0,0.134,0.632,104.935,214293,4,27Btp6siG2Icz9As9YsxwO
0SHRekj0SeERM0SRdnxxq3,Flying Kisses,0.604,0.622,1,-6.949,1,0.0335,0.00188,0.000146,0.357,0.26,105.035,165714,4,27Btp6siG2Icz9As9YsxwO
1QWZf8FNTGcdMezkmY8yge,I Say Love,0.831,0.655,2,-8.047,1,0.0342,0.19,3.98e-05,0.316,0.715,112.029,164330,4,27Btp6siG2Icz9As9YsxwO
5jJKfd6tRj4DvDXFdhFuYE,I'm the Girl,0.86,0.501,4,-8.215,0,0.063,0.443,0.00091,0.079,0.329,104.017,172622,4,27Btp6siG2Icz9As9YsxwO
06O3hxudc6V0BOuoCFSy71,Tout oublier,0.692,0.542,11,-7.9,0,0.197,0.493,2.75e-06,0.247,0.285,105.005,202120,4,27Btp6siG2Icz9As9YsxwO
2jX5c5RFp0A9E1GDsvGxIa,Balance ton quoi,0.703,0.442,0,-10.383,1,0.0823,0.594,2.39e-05,0.276,0.381,115.932,189480,4,27Btp6siG2Icz9As9YsxwO
3b89BehicGUgc60pLBo092,Flou,0.682,0.52,5,-9.623,0,0.0589,0.697,5.44e-06,0.265,0.468,112.965,196920,4,27Btp6siG2Icz9As9YsxwO
4jk8gf7ou53GxTYlHpEg0V,T'as quitté la planète,0.45,0.513,6,-8.489,0,0.118,0.0258,0,0.074,0.732,104.397,179733,4,27Btp6siG2Icz9As9YsxwO
0PzHsKwLyezXKhaiux1KSU,Sors de ma tête,0.736,0.517,4,-7.187,0,0.0319,0.469,0.00045,0.182,0.745,127.959,199532,4,27Btp6siG2Icz9As9YsxwO
08tyqYOWNVYCNvTSCM7f7V,Emotional,0.711,0.679,11,-7.628,0,0.0427,0.468,9.89e-05,0.199,0.369,123.011,170854,4,27Btp6siG2Icz9As9YsxwO
3UBZKE16VUDdeZj1VOPL0b,Pas d'ici,0.677,0.723,6,-7.765,0,0.041,0.0698,1.26e-05,0.102,0.584,115.019,217078,4,27Btp6siG2Icz9As9YsxwO
0cgWTzGYVUWELohSykTxrb,Moi c'est,0.862,0.409,6,-10.255,0,0.0399,0.762,0.0871,0.0927,0.8,135.013,170893,4,27Btp6siG2Icz9As9YsxwO
01aH52cf5vTmV8FPWlEgaZ,C'est la vie,0.757,0.802,2,-5.64,0,0.0671,0.268,0.000678,0.624,0.551,121.989,187170,4,27Btp6siG2Icz9As9YsxwO
1l0AORKfpKCprOJFDVGV4K,Tout ou rien,0.786,0.724,7,-7.644,0,0.0451,0.0135,0.00609,0.0485,0.496,124.055,218560,4,27Btp6siG2Icz9As9YsxwO
734dz1YaFITwawPpM25fSt,Je veux,0.525,0.807,2,-6.366,0,0.0725,0.251,0,0.0504,0.741,155.397,215933,4,27Btp6siG2Icz9As9YsxwO
7FIpYtyMksImC785MQ6rk0,N'oublie pas,0.504,0.535,5,-6.786,0,0.0361,0.0415,0,0.156,0.307,101.95,219907,4,27Btp6siG2Icz9As9YsxwO
72fdkhr30uLQV78GEvYDd9,Je chanterai,0.744,0.544,6,-7.107,0,0.0347,0.0716,0,0.483,0.712,123.983,214434,4,27Btp6siG2Icz9As9YsxwO
6Du4lGCHdaF4eJIp7OznCc,On prend des notes,0.601,0.591,1,-6.736,1,0.0564,0.27,0,0.0809,0.493,154.764,206728,4,27Btp6siG2Icz9As9YsxwO
4S8BVLWBPIqQHJ3xQR77Cm,Meitli,0.714,0.684,0,-7.28,0,0.0668,0.0866,0,0.14,0.773,109.652,164987,4,27Btp6siG2Icz9As9YsxwO
1irx7iNjFWPDo5qqO5wdAu,On,0.727,0.476,5,-9.452,1,0.0477,0.321,0.00131,0.198,0.413,123.891,222453,4,27Btp6siG2Icz9As9YsxwO
6xFD8vLPWs8HD9FJX6lrj5,ADN,0.539,0.626,1,-6.474,0,0.0498,0.0131,0,0.0825,0.441,119.699,194493,4,27Btp6siG2Icz9As9YsxwO
0LH2h4pwiX1iY3KDuONOb6,Je ne parle pas français - Beatgees Remix,0.807,0.646,5,-7.127,0,0.103,0.0847,3.11e-05,0.11,0.619,110.989,221573,4,27Btp6siG2Icz9As9YsxwO
6oHDvarQSp0mf5AD1SyNH0,Lieblingsmensch,0.539,0.533,9,-7.897,0,0.347,0.0824,0,0.129,0.646,120.054,190187,4,27Btp6siG2Icz9As9YsxwO
7zTl2dlcaaTeDejEJa9smY,Parallèle,0.635,0.863,9,-8.286,0,0.046,0.0519,0.00175,0.0717,0.891,141.99,196627,4,27Btp6siG2Icz9As9YsxwO
4mAtwrYMKzuVjJyS6CBkmR,Les choses simples,0.638,0.646,8,-7.209,1,0.0338,0.347,0,0.166,0.71,124.961,211933,4,27Btp6siG2Icz9As9YsxwO
7ecaqOOF2Fnvv91cAF3lwZ,Curiosa (Radio Edit),0.684,0.826,10,-6.861,0,0.0297,0.00524,1.07e-05,0.316,0.796,109.064,173739,4,27Btp6siG2Icz9As9YsxwO
43jGaRE84rf9UvzTJvuuN9,Tu me laisses aller,0.72,0.797,0,-5.766,1,0.044,0.095,0,0.215,0.651,117.012,218814,4,27Btp6siG2Icz9As9YsxwO
7culxZiBjN3w3yXqxgKIpD,Avenir - Radio Edit,0.768,0.437,0,-12.061,0,0.0372,0.0723,0.000362,0.0874,0.632,113.986,185280,4,27Btp6siG2Icz9As9YsxwO
1doR0qjlsQJdXasFFXTS8h,Où est passée ton âme ?,0.691,0.737,11,-6.739,1,0.0502,0.354,0.0786,0.132,0.612,107.999,269891,4,27Btp6siG2Icz9As9YsxwO
1H1GmMhLyObIV4jkRNQs8a,Adieu l'enfance,0.642,0.771,0,-4.491,0,0.0305,0.305,0.344,0.0981,0.277,125.979,304960,4,27Btp6siG2Icz9As9YsxwO
7D1wZZ2wx6OBOMY41j4WZH,La Fille Aux Cheveux De Soie - Isaac Delusion Remix,0.562,0.555,8,-8.942,0,0.0547,0.159,0.393,0.0758,0.446,105.002,233813,4,27Btp6siG2Icz9As9YsxwO
59zKa1wt7u8vOXBbgdYlLc,C'est toi qu'elle préfère,0.373,0.565,8,-6.347,1,0.111,0.0501,0.0123,0.112,0.199,179.832,187987,4,27Btp6siG2Icz9As9YsxwO
1Z6FfsTP51WlHC9AgiDbxO,C'est de la frénésie,0.663,0.628,7,-6.603,0,0.0333,0.00467,0.000454,0.0963,0.58,139.882,172960,4,27Btp6siG2Icz9As9YsxwO
2UgtBMFpRqt8FYSCKjDKcn,J'veux sortir avec un rappeur,0.623,0.704,1,-5.516,0,0.0776,0.0933,4.61e-06,0.115,0.58,152.097,210360,4,27Btp6siG2Icz9As9YsxwO
30TSIu3plW6hZljCwMn1Rh,J'en ai rien à faire,0.623,0.612,1,-8.138,1,0.0401,0.00104,0.0391,0.123,0.279,140.053,210680,4,27Btp6siG2Icz9As9YsxwO
3lpwEHECMgTD025SJh5ovq,In The Shadow,0.534,0.84,10,-4.607,0,0.141,0.0125,2.55e-05,0.232,0.51,167.831,167935,4,27Btp6siG2Icz9As9YsxwO
2YWAm1L5MqkX0S9lXWiHp5,Va va vis,0.71,0.643,9,-3.801,0,0.0368,0.249,0,0.235,0.706,115.92,226344,4,27Btp6siG2Icz9As9YsxwO
7wcskNulK2ebwNwgE4YgvT,Âme seule,0.548,0.443,5,-7.236,0,0.0843,0.503,0,0.0913,0.111,182.944,229000,4,27Btp6siG2Icz9As9YsxwO
1nsEze02jJyQRVTZb2PIkf,I Feel,0.603,0.611,5,-6.263,0,0.0257,0.0253,4.44e-06,0.162,0.434,98.051,203328,4,27Btp6siG2Icz9As9YsxwO
46DKV91bUEcpX1touuRL1Z,La vague,0.634,0.544,0,-8.4,1,0.0371,0.0584,0.204,0.144,0.186,129.982,235000,4,27Btp6siG2Icz9As9YsxwO
6QkMSZ1mcr6Ysw9e7fpyM8,Melody,0.525,0.949,10,-5.104,0,0.0457,0.000703,0.921,0.359,0.339,126.023,288347,4,5CsLqH9X8UScdxf9Ff2RDR
6VKU2LqQ1E4NyUEioc5mEO,Godspeed You - Charming Horses Remix,0.813,0.799,2,-5.804,1,0.0421,0.0418,0.00382,0.0908,0.67,121.992,263627,4,5CsLqH9X8UScdxf9Ff2RDR
0SaFFXNK3tZw7aBMasEvLq,Laws of Motion - Sebastien Remix,0.768,0.604,3,-8.6,0,0.0461,0.0279,0.0733,0.0816,0.356,121.988,276400,4,5CsLqH9X8UScdxf9Ff2RDR
5wo3TtstiQHEwoBSQ97BIX,Still Loving - Original Mix,0.873,0.649,7,-6.844,0,0.045,0.284,0.641,0.404,0.0447,123.025,329756,4,5CsLqH9X8UScdxf9Ff2RDR
0yiQVkaTS0gufRFgyJhXET,On the Beach,0.837,0.39,6,-12.405,0,0.0691,0.445,0,0.187,0.777,118.007,267573,4,5CsLqH9X8UScdxf9Ff2RDR
4KNvDnEuTVLjUkypEa2k94,I Don't Love U No More,0.648,0.751,4,-6.854,0,0.0347,0.00228,0.285,0.189,0.577,119.997,268027,4,5CsLqH9X8UScdxf9Ff2RDR
4wc1Je6SFk2lp1WAaBnHqG,Sweet Goodbye,0.694,0.548,2,-7.514,1,0.0361,0.0568,0.549,0.117,0.104,99.979,241524,4,5CsLqH9X8UScdxf9Ff2RDR
2wae5OnZ2PfyhY73qIuMB3,Summertime,0.434,0.447,10,-11.373,0,0.0352,0.713,0.506,0.12,0.268,124.838,284940,4,5CsLqH9X8UScdxf9Ff2RDR
5hZ0roS8OjieSLl8Sq39WB,Bang Bang - Yuyuma Chill out Remix,0.7,0.559,5,-12.569,1,0.0447,0.808,0.407,0.295,0.393,179.305,337293,3,5CsLqH9X8UScdxf9Ff2RDR
74epO9YHGQMDSCOZzMqOLz,Live for the Sun,0.716,0.847,4,-7.456,0,0.0295,0.0035,0.0956,0.374,0.427,109.994,293600,4,5CsLqH9X8UScdxf9Ff2RDR
5K9FVbQVvhpUM08Faw9WeJ,Cierro Los Ojos,0.627,0.886,10,-5.63,0,0.0331,0.0151,0.858,0.2,0.43,119.996,351987,4,5CsLqH9X8UScdxf9Ff2RDR
5ekIMM2sqidPQmaXbkltYk,The Thrill Is Gone,0.779,0.605,7,-6.452,1,0.0353,0.00976,0.685,0.125,0.589,122.024,363960,4,5CsLqH9X8UScdxf9Ff2RDR
4BOd9cXfTWJJP6qCce1ijO,Shells - Durante Remix,0.834,0.672,0,-7.119,0,0.0407,0.00145,0.00669,0.121,0.286,119.994,267880,4,5CsLqH9X8UScdxf9Ff2RDR
4XxVDc7sTEga55megL1MW7,The Look of Love,0.812,0.331,7,-14.071,1,0.0543,0.0867,0.347,0.101,0.15,119.996,340053,4,5CsLqH9X8UScdxf9Ff2RDR
6jPRSI2DDtN19uUhEIgtXc,Lovebreak,0.757,0.48,6,-10.156,0,0.0504,0.00463,0.456,0.146,0.329,120.007,343013,4,5CsLqH9X8UScdxf9Ff2RDR
7gxNKu8GOfcwZEsPbgdY9A,Feel,0.852,0.374,0,-8.435,0,0.0365,0.743,2.08e-05,0.0856,0.758,120.048,248320,4,5CsLqH9X8UScdxf9Ff2RDR
1c0foGeaZs8JPlR56zMMmU,La Sirena Negra,0.872,0.433,9,-9.153,1,0.133,0.258,0.737,0.131,0.258,120.014,372013,4,5CsLqH9X8UScdxf9Ff2RDR
775Ff99ilb2bgRCIHJJAng,Groovejet - Andrey Exx & Fomichev Remix,0.901,0.493,9,-6.246,0,0.0538,0.256,0.321,0.0882,0.349,123.032,359027,4,5CsLqH9X8UScdxf9Ff2RDR
3h0U7UzPNn16vztzOnqdhx,What To Do - Original Mix,0.804,0.532,8,-8.057,1,0.0702,0.113,0.781,0.0804,0.459,122.012,464410,4,5CsLqH9X8UScdxf9Ff2RDR
3PP07wZwiOxXlsGLdkdbi0,Swept Away,0.747,0.475,9,-12.345,0,0.0312,0.521,0.0722,0.138,0.096,125.345,327053,4,5CsLqH9X8UScdxf9Ff2RDR
2EDF3x6YzKBmjXhtIdQbaL,Close to my fire,0.709,0.525,7,-6.664,0,0.0358,0.437,0,0.318,0.536,89.967,227800,4,5CsLqH9X8UScdxf9Ff2RDR
7Aw2zBxuyMrrPuxugAcZwr,Fade Away,0.777,0.476,1,-7.652,1,0.0561,0.132,0,0.322,0.335,108.071,179480,4,5CsLqH9X8UScdxf9Ff2RDR
0hNqSSVvIgl688w8VDBPOv,Brainwash,0.669,0.726,7,-6.186,0,0.0385,0.0941,2.52e-06,0.175,0.666,105.99,179387,4,5CsLqH9X8UScdxf9Ff2RDR
5QmHSW3ERBIW0TdDCQKyzF,Gravy Train - Nicolas Jaar Remix,0.854,0.347,9,-7.178,0,0.0514,0.036,0.888,0.106,0.528,119.989,333240,4,5CsLqH9X8UScdxf9Ff2RDR
4YYy4TjUgeEcX2Vz4uv6xo,Lost In The City,0.715,0.807,9,-6.974,0,0.0478,0.0188,0.123,0.0855,0.591,92.889,279840,4,5CsLqH9X8UScdxf9Ff2RDR
2cEVcPslk7RwcqDpLA6Mhu,Crave You,0.921,0.477,1,-8.962,0,0.0828,0.109,0,0.0793,0.311,120.044,234777,4,5CsLqH9X8UScdxf9Ff2RDR
4CZ05MWPq4HFblJtznRWNQ,Fly Bar,0.797,0.547,1,-7.42,1,0.0354,0.00413,0.752,0.0847,0.403,124.126,368760,4,5CsLqH9X8UScdxf9Ff2RDR
1BZ1RgLO1fBHDYBUzOFznD,Come Away,0.754,0.493,7,-8.88,0,0.0416,0.517,3.73e-05,0.164,0.5,107.94,268555,3,5CsLqH9X8UScdxf9Ff2RDR
5uQV4zFOLcMxU7I9IoqRUO,Paint It Black,0.708,0.409,6,-7.75,1,0.0854,0.513,5.16e-06,0.066,0.452,139.957,178440,4,5CsLqH9X8UScdxf9Ff2RDR
4O3aqovXIOeZ5oiZvBZ5zr,One Last Dance - Original Mix,0.813,0.46,11,-8.547,0,0.0587,0.000212,0.378,0.0496,0.558,123.992,288308,4,5CsLqH9X8UScdxf9Ff2RDR
4f1GBqdFDQjWxS2pn8Ampd,Soha Mil Pasos - Kizomba Remix,0.825,0.344,0,-11.337,1,0.365,0.000289,9.06e-05,0.126,0.76,175.911,221432,4,5CsLqH9X8UScdxf9Ff2RDR
70cjQvFMIDyX2eYyhxect0,C'est bien mieux comme ça,0.687,0.651,4,-9.837,0,0.0644,0.116,0.00336,0.38,0.526,169.976,252040,4,5CsLqH9X8UScdxf9Ff2RDR
6sa7kg57gI6oPwNul1eM7Z,Drôle d'idée,0.694,0.57,11,-8.356,0,0.131,0.496,0,0.145,0.678,74.984,259973,4,5CsLqH9X8UScdxf9Ff2RDR
61DZiQc2sRohLFApD8lTSk,Please Don't Go,0.938,0.673,8,-6.562,1,0.0494,0.118,0.092,0.0843,0.505,123.99,408493,4,5CsLqH9X8UScdxf9Ff2RDR
3isumAbKpOYzni2GYvFGp6,After All - Claptone Remix,0.888,0.453,0,-9.231,0,0.0552,0.0361,0.262,0.0439,0.508,120.015,401114,4,5CsLqH9X8UScdxf9Ff2RDR
0rw5vjRVEaWmwuceYBqyAm,Lovers in Paris,0.618,0.316,7,-11.106,0,0.0297,0.837,0.816,0.137,0.146,89.985,289293,4,5CsLqH9X8UScdxf9Ff2RDR
2bJdxFBL3LFy9lhxM2uxFa,The Voyager,0.773,0.342,5,-12.924,1,0.0385,0.0215,0.901,0.13,0.174,120.009,256000,4,5CsLqH9X8UScdxf9Ff2RDR
2Na4YBgMsMXEI7vC8XB9jJ,I Love You,0.775,0.478,9,-9.461,0,0.0406,0.000893,0.819,0.102,0.465,117.992,375820,4,5CsLqH9X8UScdxf9Ff2RDR
4yIzPiNeO0wXgW1EywUR12,Sweets (Soda Pop) - Extended Mix,0.653,0.782,10,-5.145,0,0.0527,0.00517,0.869,0.357,0.351,128.011,295311,4,5CsLqH9X8UScdxf9Ff2RDR
4msJWnajPxO2D1Q6OXekLs,Say You Love Me,0.765,0.574,11,-7.311,0,0.0363,0.000109,0.864,0.0903,0.159,120.01,298480,4,5CsLqH9X8UScdxf9Ff2RDR
13hPHW7cv076P2iAW62Egv,As Erxosoun Gia Ligo,0.747,0.279,8,-11.791,1,0.0384,0.471,0.000727,0.296,0.128,112.031,208427,4,5CsLqH9X8UScdxf9Ff2RDR
3OLqFiQVo2qkpb0nRT2VS7,Factor 30,0.83,0.309,7,-14.558,1,0.0686,0.178,0.918,0.365,0.263,99.005,581807,4,5CsLqH9X8UScdxf9Ff2RDR
7GnU2YocLhmprdOtDytgkD,Golden Sun,0.658,0.549,2,-7.8,0,0.0318,0.0374,0.008,0.0946,0.499,85.991,256933,4,5CsLqH9X8UScdxf9Ff2RDR
7rf0seZu6SkeIaDuLMlY4E,Quedate feat. LouisaFer (Puesta de Sol Mix),0.913,0.64,4,-5.523,0,0.0469,0.357,0,0.0859,0.755,113.607,217929,4,5CsLqH9X8UScdxf9Ff2RDR
0cysyHI6UMshj6sI9wJMzP,Tango To Evora,0.668,0.657,4,-7.075,0,0.0491,0.0705,0.748,0.0937,0.189,122.971,283907,4,5CsLqH9X8UScdxf9Ff2RDR
68Q6c22JNyLUlZYX4dE2tn,Heartbeat,0.811,0.647,10,-7.916,0,0.0406,0.0174,0.349,0.0829,0.708,120.01,329538,4,5CsLqH9X8UScdxf9Ff2RDR
7EVk9tRb6beJLTHrg6AkY9,Tuesday (feat. Danelle Sandoval),0.841,0.639,9,-6.052,0,0.0688,0.0156,0.0654,0.0545,0.675,99.002,241875,4,5CsLqH9X8UScdxf9Ff2RDR
3h5IIiL9vK5aR0DZO6jD7D,Closer,0.583,0.785,2,-3.991,0,0.0337,0.0012,0.0127,0.124,0.355,91.977,270589,4,5CsLqH9X8UScdxf9Ff2RDR
3W2ZcrRsInZbjWylOi6KhZ,You & Me - Flume Remix,0.593,0.392,10,-6.872,0,0.0257,0.382,0.000114,0.131,0.25,75.065,282813,4,5CsLqH9X8UScdxf9Ff2RDR
32JdlAIA6rwrwURWnOncJA,I've Got a Feelin',0.475,0.546,10,-7.14,0,0.0399,0.357,5.57e-05,0.33,0.493,183.895,220533,3,5CsLqH9X8UScdxf9Ff2RDR
6xSOp2C27q2mcKKpdka7vK,Metris,0.822,0.479,7,-8.067,1,0.0396,0.0088,0.924,0.098,0.272,123.033,409861,4,5CsLqH9X8UScdxf9Ff2RDR
35ZlQDq1yR3amRoDg8Yptq,Six o'clock - Original Mix,0.804,0.589,7,-8.43,1,0.109,0.0253,0.83,0.138,0.402,120.985,383802,4,5CsLqH9X8UScdxf9Ff2RDR
01UDN8TXVgM3qU2fwmq0O3,Eternité - Marcapasos Remix,0.804,0.456,2,-9.76,1,0.051,0.00154,0.794,0.0867,0.277,121.01,373071,4,5CsLqH9X8UScdxf9Ff2RDR
4nvi1SFCb50a0roOqiruJC,Precious Story,0.791,0.653,9,-9.031,0,0.036,0.135,0.551,0.1,0.455,105.007,393880,4,5CsLqH9X8UScdxf9Ff2RDR
2FJmbHqmu9HgHQpZ5nOg1U,Silence - Mollono Bass Remix,0.768,0.599,3,-8.899,0,0.0394,0.0899,0.255,0.109,0.15,121.138,394253,4,5CsLqH9X8UScdxf9Ff2RDR
6SQSH6CS3RWs5pPfvvKcuj,Kryptology - Isaac Chambers Remix,0.817,0.622,6,-8.619,0,0.0452,0.00166,0.0247,0.157,0.357,119.991,373987,4,5CsLqH9X8UScdxf9Ff2RDR
5G9zobOuJtnbPxt2T7Jxj4,La femme a la peau bleue,0.664,0.651,11,-4.987,0,0.0675,0.411,0.213,0.63,0.27,100.0,205800,4,5CsLqH9X8UScdxf9Ff2RDR
1UyCURb84UVE1MBaUnaxUc,Sexual Healing,0.824,0.57,1,-10.583,1,0.0504,0.15,0.204,0.146,0.291,123.022,352680,4,5CsLqH9X8UScdxf9Ff2RDR
2xZ7Qk8Ia7xovbzf8NwnFA,Complex - Serge Devant Remix,0.804,0.625,6,-10.502,0,0.0454,4.96e-05,0.598,0.0779,0.0645,121.994,417053,4,5CsLqH9X8UScdxf9Ff2RDR
4V8JTChEQc1BIptaugBKHi,Eyes - Turbotito Remix,0.839,0.623,9,-8.687,1,0.0757,0.0462,0.823,0.095,0.398,109.995,410182,4,5CsLqH9X8UScdxf9Ff2RDR
0zL9dieoCcjBWV01y73Cj1,Faded,0.863,0.475,9,-7.195,0,0.0488,0.00872,0.116,0.122,0.596,124.964,223485,4,5CsLqH9X8UScdxf9Ff2RDR
0jSdPpIGG86YgEVvJHsB1G,The Gentle Rain - RJD2 Remix,0.698,0.599,0,-8.609,0,0.0262,0.474,0.269,0.28,0.656,90.762,359413,4,5CsLqH9X8UScdxf9Ff2RDR
76G5L5EC20PrZkH1vvT0s2,Sunset,0.836,0.181,2,-15.878,1,0.0778,0.557,0.45,0.113,0.383,119.98,218587,4,5CsLqH9X8UScdxf9Ff2RDR
0o2lMW2T77pq8utWLQ4b2U,How You Like Me Now? - Raffertie Remix,0.595,0.628,1,-9.449,0,0.317,0.183,0.315,0.122,0.17,102.029,230000,4,5CsLqH9X8UScdxf9Ff2RDR
3uVnb2uywoAFpHLvdhBJq0,Feeling Good,0.422,0.425,10,-8.91,0,0.04,0.234,3.12e-05,0.14,0.279,115.492,234000,3,5CsLqH9X8UScdxf9Ff2RDR
6yYP7PoXDloLRE7DQbzHKP,Ain't No Sunshine,0.808,0.69,2,-8.402,1,0.055,0.000703,0.844,0.0696,0.812,121.008,287600,4,5CsLqH9X8UScdxf9Ff2RDR
5eCkuGPZNl4mISFNPgr3Dd,Down,0.678,0.357,0,-14.712,0,0.128,0.675,0.00569,0.124,0.0661,113.301,197773,5,5CsLqH9X8UScdxf9Ff2RDR
3Ty7OTBNSigGEpeW2PqcsC,Glory Box,0.51,0.434,1,-10.004,1,0.0361,0.177,0.516,0.0603,0.207,119.695,308627,4,5CsLqH9X8UScdxf9Ff2RDR
4P73ZBrXOmsZA6WXsuxUC1,Got It,0.787,0.467,1,-8.29,0,0.0564,0.0552,0.239,0.0481,0.509,164.078,191947,4,5CsLqH9X8UScdxf9Ff2RDR
1Z4UKak2eNteHFZkwiYPNz,One Time,0.843,0.244,9,-12.34,0,0.457,0.289,0,0.19,0.519,159.836,217613,4,5CsLqH9X8UScdxf9Ff2RDR
6Lzy0FwCJNaEITedauAGCP,Chayef,0.557,0.782,5,-8.68,0,0.0397,0.00127,0.776,0.128,0.478,99.964,288000,4,5CsLqH9X8UScdxf9Ff2RDR
5t8STuyCdfO3QQK1U0RcD8,Lex,0.646,0.759,2,-5.335,1,0.0626,0.0118,0.828,0.0558,0.354,104.992,269747,4,5CsLqH9X8UScdxf9Ff2RDR
3dPyxlfF4qanFVGISTEvpc,Blue Diamond,0.725,0.151,9,-17.238,0,0.0496,0.847,0.475,0.124,0.105,108.004,654520,3,5CsLqH9X8UScdxf9Ff2RDR
0wP9okoDWmbeC2w9E8ZzPu,Wildcat,0.703,0.718,1,-7.522,1,0.0671,0.0479,0.426,0.0415,0.785,115.993,260173,4,5CsLqH9X8UScdxf9Ff2RDR
5YulgBMVGC8EzuuIQsIke3,Sous le ciel de Paris,0.305,0.636,11,-6.711,0,0.0446,0.395,0,0.0999,0.358,79.788,197577,4,5CsLqH9X8UScdxf9Ff2RDR
18iVdZmYdzJRRtSGmaLERa,Bloodstream,0.225,0.423,1,-8.954,1,0.032,0.802,0.965,0.0805,0.0714,76.097,215747,4,5CsLqH9X8UScdxf9Ff2RDR
7mVFJYJ2PBVNADwHkXdArx,Fields,0.536,0.246,2,-16.257,1,0.0322,0.878,0.838,0.107,0.312,80.015,286000,4,5CsLqH9X8UScdxf9Ff2RDR
2od5d8aOnEncIqsmt3KviT,Saraswati,0.861,0.878,9,-8.931,1,0.0482,0.0107,0.351,0.0802,0.164,101.998,606912,4,5CsLqH9X8UScdxf9Ff2RDR
5kdmcy2OwzmRMew1dGMggR,Starlight in Daden,0.748,0.824,7,-6.61,1,0.0318,0.21,3.66e-05,0.0752,0.499,125.89,331667,4,5CsLqH9X8UScdxf9Ff2RDR
2OHmae77wkAQblYGFAkdRu,Open Sesame,0.782,0.637,7,-8.333,1,0.0363,0.304,0.818,0.139,0.449,103.008,296472,4,5CsLqH9X8UScdxf9Ff2RDR
2DPcCtZz0pfur0IcN40Jmc,Burning Sun - Radio Edit,0.685,0.532,11,-12.407,0,0.0353,0.131,0.0663,0.113,0.216,123.003,270150,4,5CsLqH9X8UScdxf9Ff2RDR
4vNewsyx6cjheu4t2NPoBK,Lost Memories,0.463,0.484,7,-11.174,1,0.0325,0.248,0.839,0.0914,0.104,114.014,442067,4,5CsLqH9X8UScdxf9Ff2RDR
0PMkws9Q0B8XZdpcS5Bvi6,Urum,0.771,0.348,6,-16.129,0,0.0496,0.707,0.914,0.0497,0.0778,113.998,430200,4,5CsLqH9X8UScdxf9Ff2RDR
36oWAqi2LVdMQ2UMguYnF8,Parpar,0.797,0.646,10,-7.187,0,0.12,0.0183,0.656,0.074,0.321,110.008,364000,4,5CsLqH9X8UScdxf9Ff2RDR
5XHGCcNfQfo5sks9Gx8MpZ,The Jungle Issue - Original Mix,0.818,0.491,5,-8.906,0,0.0489,0.0192,0.469,0.0661,0.459,115.008,502207,4,5CsLqH9X8UScdxf9Ff2RDR
6cGLvuTCzd9CFYNJUVHTcH,Fever,0.807,0.485,3,-10.631,0,0.04,0.146,0.19,0.111,0.196,115.017,212870,4,5CsLqH9X8UScdxf9Ff2RDR
71gR0M399Zl2VGcxpm68dd,Phantoms and Friends,0.531,0.459,1,-8.328,1,0.0295,0.52,8.1e-05,0.0767,0.197,120.036,231172,4,5CsLqH9X8UScdxf9Ff2RDR
1XyL3J7eTTKnxRZAM3LqIT,Beggin (original version),0.715,0.8,4,-5.144,0,0.057,0.0271,0,0.0648,0.445,129.023,216147,4,5CsLqH9X8UScdxf9Ff2RDR
0uEftEHpAjuL2V6NScCs4n,My Love,0.602,0.432,1,-9.295,0,0.0268,0.881,0.00662,0.112,0.215,109.963,235627,4,5CsLqH9X8UScdxf9Ff2RDR
3W2ZcrRsInZbjWylOi6KhZ,You & Me - Flume Remix,0.593,0.392,10,-6.872,0,0.0257,0.382,0.000114,0.131,0.25,75.065,282813,4,5CsLqH9X8UScdxf9Ff2RDR
2nLeVfLE8t3hzHhXkZ6Ez2,La Câlin,0.598,0.439,2,-10.987,1,0.0429,0.0879,0.868,0.103,0.0673,147.84,172009,4,5CsLqH9X8UScdxf9Ff2RDR
17zPvGLfAk5paCDsCBXBW7,Beb Darek,0.313,0.276,1,-13.381,0,0.0348,0.772,0.0679,0.127,0.0576,69.953,185205,3,5CsLqH9X8UScdxf9Ff2RDR
4LEgwEXNM9fN6clqhpWYM1,Say It Loud,0.75,0.518,9,-7.306,0,0.0358,0.178,0.15,0.0937,0.308,124.99,421595,4,5CsLqH9X8UScdxf9Ff2RDR
3WRQUvzRvBDr4AxMWhXc5E,Sunset Lover,0.785,0.525,6,-7.556,1,0.042,0.669,0.439,0.114,0.251,90.853,238907,4,5CsLqH9X8UScdxf9Ff2RDR
725xsrRfUExIlatLNHiKNH,Imik si mik - Remastered Version,0.788,0.435,6,-10.151,0,0.0372,0.859,0,0.0819,0.771,111.992,235053,4,5CsLqH9X8UScdxf9Ff2RDR
0UeYCHOETPfai02uskjJ3x,Shooting Stars,0.636,0.72,11,-6.195,1,0.0432,0.0893,0.0178,0.0868,0.425,124.944,235813,4,5CsLqH9X8UScdxf9Ff2RDR
73bDvrmSBh2fr53tLDH9oA,Nightcall,0.509,0.856,9,-5.091,0,0.0553,0.00895,0.0108,0.424,0.427,91.02,257320,4,5CsLqH9X8UScdxf9Ff2RDR
798mI116dJdZ12n9CkdflI,Time for Us,0.828,0.271,4,-13.061,0,0.0532,0.395,0.819,0.065,0.233,113.995,460185,4,5CsLqH9X8UScdxf9Ff2RDR
5esZWlW1SijQtw30OcWyUs,Space Diver,0.809,0.483,5,-8.655,1,0.0615,0.00107,0.853,0.0717,0.336,124.993,397440,4,5CsLqH9X8UScdxf9Ff2RDR
6poaggkSYGIoUjyuippcQ2,Northern Soul,0.569,0.542,5,-11.155,0,0.0636,0.0299,0.000188,0.175,0.105,127.977,335853,4,5CsLqH9X8UScdxf9Ff2RDR
3y9FzflARxBDRuARWGDWmq,C'est comme ça,0.458,0.916,6,-5.592,1,0.0638,0.132,0.00628,0.682,0.677,176.158,294307,4,50GFGmzmwqwAfYtDwpvrCx
43THPstJP6RXLMd7ryXyNf,Marcia Baïla,0.772,0.795,7,-5.945,1,0.0328,0.201,0,0.0765,0.819,126.847,335747,4,50GFGmzmwqwAfYtDwpvrCx
2W3uIX1I9qGOsBLWpEpMch,Tombé du ciel,0.677,0.696,2,-6.474,0,0.027,0.204,0,0.245,0.74,92.586,286600,4,50GFGmzmwqwAfYtDwpvrCx
1uVqNpN6QTBqaq3k7bPdty,L'amour à la plage,0.659,0.861,11,-5.609,0,0.0313,0.071,2.62e-05,0.108,0.966,119.474,200067,4,50GFGmzmwqwAfYtDwpvrCx
7iu6KFakQUGTn1jH7tJR0H,Je dois m'en aller,0.745,0.843,5,-5.257,1,0.0304,0.0111,0.00127,0.0975,0.961,122.384,205707,4,50GFGmzmwqwAfYtDwpvrCx
0hMUcAdD9QT8apFfjv26A5,Week-end à Rome,0.741,0.761,11,-13.496,1,0.0469,0.157,0.707,0.0392,0.958,118.912,254453,4,50GFGmzmwqwAfYtDwpvrCx
4KmvCXCsiuiThONe8NEAGI,Le grand sommeil - 2014 Remastered,0.835,0.73,0,-5.48,1,0.0393,0.24,0.0095,0.114,0.817,124.518,243733,4,50GFGmzmwqwAfYtDwpvrCx
0RX7zew3vhJLHJKK9LBcAd,Bleu comme toi - Single Edit,0.608,0.918,5,-4.395,1,0.0371,0.0431,0.00933,0.31,0.787,133.71,204933,4,50GFGmzmwqwAfYtDwpvrCx
1fpxxa4516URVxYXJcC57U,Épaule tattoo - 2006 Remaster,0.6,0.929,2,-4.934,1,0.0359,0.00611,0.863,0.0968,0.973,133.011,282440,4,50GFGmzmwqwAfYtDwpvrCx
3JnLcpKEw0bALDCdNmsZhH,The First Rebirth,0.551,0.815,1,-10.603,1,0.0305,0.00101,0.892,0.0911,0.477,139.993,279547,4,4iJVaUomnR7fqU6sEAgNaV
3H3cOQ6LBLSvmcaV7QkZEu,Aerodynamic,0.624,0.911,7,-7.482,1,0.0524,0.329,0.861,0.0727,0.135,122.902,212547,4,4iJVaUomnR7fqU6sEAgNaV
7jYlV8ZTfXHdUOhaEZnPIM,D.A.N.C.E. - MSTRKRFT Remix,0.721,0.801,11,-2.685,0,0.103,7.61e-05,0.0355,0.0595,0.88,125.951,280107,4,4iJVaUomnR7fqU6sEAgNaV
2Gv0yoI7fAO6j4MxrlETHS,Dirty Mutha - Crookers Remix,0.848,0.663,9,-5.195,0,0.121,0.0401,0.00247,0.355,0.653,125.013,318800,4,4iJVaUomnR7fqU6sEAgNaV
6WfL1pwMyFf3IvFWLnre4P,Work It - Soulwax Remix,0.846,0.737,0,-8.611,1,0.0643,0.319,0.494,0.0701,0.848,125.018,286080,4,4iJVaUomnR7fqU6sEAgNaV
4FRqM1mahmNdLOT9OQOr8q,Heads Will Roll - A-Trak Remix,0.686,0.798,1,-6.406,0,0.134,0.00349,0.318,0.26,0.82,132.458,380480,4,4iJVaUomnR7fqU6sEAgNaV
5cPcd6pLrpDVmKnonjd3EQ,I Think I Like It,0.727,0.847,1,-6.021,1,0.217,0.014,0.128,0.144,0.64,128.015,335800,4,4iJVaUomnR7fqU6sEAgNaV
4Qkd49SzNq7WPvVnlK81Oy,Tony the Beat - Rex The Dog Radio Version,0.708,0.754,11,-5.372,0,0.0531,0.057,2.15e-05,0.0525,0.868,127.998,200987,4,4iJVaUomnR7fqU6sEAgNaV
34sGnIHB3ZthMvHpNX1i7e,Day 'N' Nite - Crookers Remix,0.756,0.705,11,-4.744,0,0.0462,0.0326,0.0503,0.0552,0.962,129.993,281747,4,4iJVaUomnR7fqU6sEAgNaV
3kMrazSvILsgcwtidZd1Qd,Bulletproof,0.674,0.882,3,-2.771,0,0.0477,0.000441,6.47e-05,0.068,0.682,123.016,205733,4,4iJVaUomnR7fqU6sEAgNaV
1z4835vzYgbtb26uRWpGhq,The Party,0.661,0.847,11,-7.343,1,0.0714,0.314,0.00473,0.806,0.455,119.99,243427,4,4iJVaUomnR7fqU6sEAgNaV
0dxawNvqmu3slY2V0qaECm,Shake & Pop - Radio Edit,0.899,0.687,6,-6.749,1,0.182,0.000215,0.00978,0.0911,0.608,129.086,223267,4,4iJVaUomnR7fqU6sEAgNaV
0LD5mq3KSFe4pRRefsH2m6,Oh Yes (Rockin' With The Best) - RetroVision Remix,0.907,0.936,5,-3.387,0,0.0831,0.00764,0.743,0.157,0.627,127.993,172031,4,4iJVaUomnR7fqU6sEAgNaV
56fmyw26sr2W5BfqbvtNmi,Pursuit Of Happiness - Extended Steve Aoki Remix (Explicit),0.721,0.687,0,-5.189,1,0.0554,0.00957,0.0041,0.0462,0.619,128.013,373547,4,4iJVaUomnR7fqU6sEAgNaV
24y567q7DSKBwTPIkooH2K,Stuck On Repeat - Fake Blood Mix,0.779,0.83,10,-5.961,1,0.0784,0.115,0.722,0.822,0.286,127.985,386149,4,4iJVaUomnR7fqU6sEAgNaV
5W3cjX2J3tjhG8zb6u0qHn,"Harder, Better, Faster, Stronger",0.817,0.716,6,-8.898,0,0.144,0.0427,0.00263,0.358,0.692,123.474,224693,4,4iJVaUomnR7fqU6sEAgNaV
5ZExBqn6I3rFyeGZu9zjCN,Cruel Intentions - Joker Remix,0.635,0.829,0,-6.953,1,0.171,0.00162,0.273,0.0251,0.777,139.901,252213,4,4iJVaUomnR7fqU6sEAgNaV
3wgMM5XUMqVp76At0TehRH,Lowlife - LA Riots Remix,0.889,0.558,2,-4.905,1,0.0428,0.00415,0.00409,0.0812,0.683,129.994,325800,4,4iJVaUomnR7fqU6sEAgNaV
49ErwcBYfYRPNBdRuPvpYA,We Are Your Friends - Justice Vs Simian,0.615,0.97,9,1.342,0,0.119,0.0104,0.384,0.178,0.507,122.993,262773,4,4iJVaUomnR7fqU6sEAgNaV
40sImhWkJWGCglsL8UkUQ0,Gifted (Aston Shuffle Remix),0.727,0.615,10,-5.199,0,0.0802,0.00117,0.0739,0.081,0.493,126.035,422120,4,4iJVaUomnR7fqU6sEAgNaV
50RH3MMs3gBRlJoeTN2VtR,Tight Jeans - Fukkk Offf Remix,0.806,0.734,11,-7.687,1,0.08,0.00816,0.00317,0.334,0.859,127.0,372942,4,4iJVaUomnR7fqU6sEAgNaV
6faqWlMCC6fzmx3EO4uPPR,Hold The Line,0.666,0.826,11,-5.589,1,0.289,0.737,0.0117,0.112,0.673,155.927,218973,4,4iJVaUomnR7fqU6sEAgNaV
28qEMCc1DCdgcHrrdL64Lo,Hardcore Girls,0.963,0.603,1,-3.161,1,0.273,0.0132,0,0.0593,0.842,126.971,260000,4,4iJVaUomnR7fqU6sEAgNaV
4cQDsF6f7L2W5d8yjR8PuT,More Than Friends - Markus Lange & Sterofunk Remix,0.868,0.755,5,-5.279,1,0.121,0.00708,0.00637,0.0349,0.924,126.998,306142,4,4iJVaUomnR7fqU6sEAgNaV
3h8x8UE8mgOCkorEsAMRFR,Get Innocuous! - Soulwax Remix,0.667,0.997,0,-5.832,1,0.0457,0.0748,0.738,0.241,0.693,118.0,601240,4,4iJVaUomnR7fqU6sEAgNaV
6LUfuyLgvgqrykiTE6sJHY,Stylo (feat. Mos Def and Bobby Womack),0.686,0.751,10,-5.747,0,0.0604,0.00604,0.000849,0.0979,0.851,100.222,270520,4,4iJVaUomnR7fqU6sEAgNaV
2cNjgoSh1TBHFQIhfzRJUE,Go,0.751,0.897,1,-3.598,1,0.0468,0.00957,2.88e-05,0.329,0.482,119.97,260697,4,4iJVaUomnR7fqU6sEAgNaV
6cL7d5UxAmU4gr0PVzk2Z9,Boyz,0.633,0.856,6,-6.879,0,0.226,0.00141,1.53e-06,0.681,0.62,133.133,207467,4,4iJVaUomnR7fqU6sEAgNaV
16EMONl2vH3rt9f4ehTG8g,212,0.846,0.772,11,-5.735,0,0.259,0.0123,0.000106,0.0769,0.622,125.998,204957,4,4iJVaUomnR7fqU6sEAgNaV
2NeSirLM2VHQW4upn0nMfB,Starry Night - Edit,0.747,0.865,8,-8.094,0,0.0351,0.00915,0.486,0.0425,0.935,122.994,233979,4,4iJVaUomnR7fqU6sEAgNaV
73bDvrmSBh2fr53tLDH9oA,Nightcall,0.509,0.856,9,-5.091,0,0.0553,0.00895,0.0108,0.424,0.427,91.02,257320,4,4iJVaUomnR7fqU6sEAgNaV
1vfgSZYZc29tXpIshTNwg7,Jumpin' - Original Mix,0.791,0.868,2,-5.047,1,0.0899,0.00418,0.23,0.154,0.75,120.0,216044,4,4iJVaUomnR7fqU6sEAgNaV
1QR7ARTB6WdrX4eQxAqJUI,Seventeen Years,0.94,0.555,5,-6.108,1,0.0656,0.0266,0.627,0.165,0.534,115.54,266307,4,4iJVaUomnR7fqU6sEAgNaV
6TdnvxC5E146AXv1doDshO,Organ Donor,0.61,0.571,1,-7.136,0,0.0315,0.837,0.743,0.15,0.909,106.185,117240,4,4iJVaUomnR7fqU6sEAgNaV
5SROBIxUVbWteZDEvsfeQq,When I Hear Mu'Sic,0.754,0.883,7,-6.179,1,0.0999,0.000322,0.216,0.0772,0.395,126.494,338243,4,4iJVaUomnR7fqU6sEAgNaV
5IaLgGvF2Vf5twcDjXQ9K3,Shake It to the Ground - Claude VonStroke Remix,0.94,0.338,6,-11.833,0,0.194,0.000124,1.51e-06,0.104,0.596,128.052,337547,4,4iJVaUomnR7fqU6sEAgNaV
16SJzlH3gMH7MXDXbz2dot,Beatbox Rocker - Short,0.836,0.541,7,-15.317,1,0.0654,0.00171,0.00303,0.0474,0.82,131.533,224711,4,4iJVaUomnR7fqU6sEAgNaV
7uu9UXkUiYXe8DIiKP4xfN,Tempo - Biesmans Remix,0.672,0.586,11,-9.407,1,0.0489,0.000161,0.122,0.0986,0.24,123.998,434000,4,4iJVaUomnR7fqU6sEAgNaV
1AaTUa4xHLT6F15UpEux9y,Digital Tsunami,0.75,0.667,6,-10.493,0,0.0503,3.64e-05,0.858,0.124,0.174,147.438,382133,4,4iJVaUomnR7fqU6sEAgNaV
5eLluqLzN5Yj3uOsnUuDOc,Numbers - 2009 Remaster,0.799,0.553,7,-14.286,1,0.065,0.299,0.184,0.369,0.354,129.247,200333,4,4iJVaUomnR7fqU6sEAgNaV
4d2R6MJdxZSxa086BAFicJ,Pon De Floor,0.883,0.963,0,-4.62,1,0.195,0.00353,0.45,0.096,0.242,126.999,213947,4,4iJVaUomnR7fqU6sEAgNaV
32bk6u6Pbe2cotvyKJgrP0,Township Funk,0.906,0.856,1,-4.204,1,0.0673,0.0098,0.899,0.0816,0.717,121.968,349480,4,4iJVaUomnR7fqU6sEAgNaV
7LYkRnxddh6BTp3CrXmofK,Bongo Song,0.783,0.929,1,-12.052,0,0.0455,0.000406,0.927,0.0738,0.644,123.687,314653,4,4iJVaUomnR7fqU6sEAgNaV
1HExJgzh18hPEaZIUmboXC,Metal,0.71,0.746,6,-4.707,1,0.0353,0.000561,0.294,0.114,0.862,125.016,218621,4,4iJVaUomnR7fqU6sEAgNaV
1iNeZGJsoC0D7ZyJTdIbDS,Technologic,0.812,0.516,9,-6.963,1,0.224,0.000369,1.09e-05,0.0991,0.633,127.498,284280,4,4iJVaUomnR7fqU6sEAgNaV
3YwOh5FSxwhRnvO1yGduEi,Riverside - Radio Mix,0.799,0.96,1,-2.012,0,0.043,0.000673,0.774,0.13,0.755,125.995,145764,4,4iJVaUomnR7fqU6sEAgNaV
3c5hzRNIUbV6NhKodgn1xN,Mega,0.516,0.932,1,-3.273,1,0.0793,0.000199,0.631,0.0972,0.532,126.822,264787,4,4iJVaUomnR7fqU6sEAgNaV
7kHEGPPEyN1E6lpFDqUb7h,Mayhem 7.0,0.711,0.918,7,-2.176,1,0.116,0.00106,0.00183,0.418,0.307,102.004,210680,4,4iJVaUomnR7fqU6sEAgNaV
4YBwOSULsZmqO4bWgMFn1L,Badman Riddim (Jump) (feat. Foreign Beggars) - Club Mix,0.8,0.728,9,-5.821,1,0.137,8.5e-05,0.905,0.0757,0.657,127.993,288600,4,4iJVaUomnR7fqU6sEAgNaV
3BmHW7S5HdOQNkOlRpfJNt,Original Don,0.786,0.935,6,-3.901,0,0.199,0.14,0.0038,0.355,0.528,135.0,253413,4,4iJVaUomnR7fqU6sEAgNaV
5c77gfe9gichXQW9VVeWio,Ghosts'N'Stuff,0.796,0.443,8,-5.579,1,0.146,3.25e-05,0.85,0.572,0.689,128.034,370677,3,4iJVaUomnR7fqU6sEAgNaV
2eGHyarZyRvUgFI4d3G8GN,Electric Feel - Justice Remix,0.625,0.815,11,-3.915,1,0.177,0.0476,0.0977,0.07,0.528,107.273,327387,4,4iJVaUomnR7fqU6sEAgNaV
0v54mxuYIiJhIAWaWNiPzK,Tamz Mit Loulou,0.805,0.961,6,-8.67,0,0.0447,0.00125,0.839,0.166,0.402,120.005,416411,4,4iJVaUomnR7fqU6sEAgNaV
0EFONrcgPNCnkQSJ7Y3PnI,My Computer,0.776,0.846,10,-8.006,0,0.0558,6.9e-05,0.911,0.0627,0.346,122.006,515087,4,4iJVaUomnR7fqU6sEAgNaV
4HubaPJdFWVTWzgHCeeW2f,Sorry I Am Late - Summer 2016 Version,0.898,0.431,6,-12.596,1,0.0575,0.0727,0.647,0.122,0.405,122.043,224232,4,4iJVaUomnR7fqU6sEAgNaV
1qCi44swXWo6hBEhY1fFF3,Bleep,0.8,0.893,7,-5.369,1,0.211,0.00193,0.882,0.0776,0.24,128.019,390938,4,4iJVaUomnR7fqU6sEAgNaV
1jsYhcMzxTEd7WwyJm0Qqs,Digital Anxiety,0.648,0.96,10,-6.887,0,0.043,0.000106,0.789,0.0803,0.377,120.003,369535,4,4iJVaUomnR7fqU6sEAgNaV
6VGNzYErt08Rai78mLkIzI,Domino,0.785,0.69,3,-10.225,0,0.0698,0.00291,0.907,0.203,0.215,128.879,435267,4,4iJVaUomnR7fqU6sEAgNaV
6BdmHmozz9yi5sQFGuefru,Calypso,0.674,0.587,11,-6.655,1,0.407,0.00722,0.929,0.541,0.156,125.996,226575,4,4iJVaUomnR7fqU6sEAgNaV
6Sj9HYcxzo9fbCc7HcxbIS,On Your Mark,0.744,0.831,0,-4.022,1,0.0507,0.00474,0.789,0.128,0.201,128.025,241245,4,4iJVaUomnR7fqU6sEAgNaV
3Z9uims4BXsx1DtETrjNDo,Madan - Remix,0.774,0.847,7,-5.533,0,0.036,0.00995,0.772,0.0469,0.961,127.986,191693,4,4iJVaUomnR7fqU6sEAgNaV
3t4hexo8a2wII9w7LquLaQ,Copa,0.804,0.644,7,-10.901,1,0.0572,0.00264,0.778,0.0899,0.62,118.021,329523,4,4iJVaUomnR7fqU6sEAgNaV
0ehmor7tXN9ngqn1rbFIFy,Baianá - Pablo Fierro Radio Edit,0.689,0.893,2,-8.949,1,0.0422,0.0336,0.215,0.0945,0.139,119.912,158314,4,4iJVaUomnR7fqU6sEAgNaV
6og4t5QHcbS6a4u3XsDIV5,Sha! Shtil!,0.926,0.519,7,-7.818,1,0.092,0.202,0.000188,0.0773,0.358,127.99,296675,4,4iJVaUomnR7fqU6sEAgNaV
4aAk4O7SQXqEAwl41P1cVY,Aulos,0.767,0.746,11,-4.792,1,0.039,0.00582,0.00547,0.0972,0.338,123.02,185960,4,4iJVaUomnR7fqU6sEAgNaV
7CKsgEdJNFTDqWgk3XD1XB,Vacaciones En Chile - Original Mix,0.806,0.455,10,-19.407,0,0.093,0.00126,0.908,0.0811,0.206,127.011,589606,4,4iJVaUomnR7fqU6sEAgNaV
3qwHtcdgvnb7eGoxBs5z4T,Meatier Shower,0.8,0.546,11,-7.16,0,0.0528,0.000329,0.908,0.083,0.423,124.994,298213,4,4iJVaUomnR7fqU6sEAgNaV
6PUqoHHVVIdcdlKaCAHt23,Rinse & Repeat,0.781,0.725,6,-6.486,1,0.0615,0.0366,0.00291,0.161,0.619,122.003,151230,4,4iJVaUomnR7fqU6sEAgNaV
49QBDLBqQEyXEFZwh8Rge6,Californian Knight - Short Edit,0.774,0.959,6,-2.878,1,0.064,0.0197,0.656,0.333,0.975,117.987,191123,4,4iJVaUomnR7fqU6sEAgNaV
2IQ38H3RLKJVXcBG5bGVfU,Jittery Heritage - Short Cut,0.612,0.804,0,-8.094,1,0.0389,0.00372,0.82,0.083,0.792,124.994,236267,4,4iJVaUomnR7fqU6sEAgNaV
1CKbPI8AygxJl1HUlmXL5x,No Strings Attached,0.696,0.945,2,-5.151,1,0.0868,0.0508,0.84,0.115,0.164,124.001,181935,4,4iJVaUomnR7fqU6sEAgNaV
2mClbbA0qUS6vEfILvI6py,Animal,0.654,0.859,5,-8.628,0,0.0417,0.15,0.856,0.107,0.637,126.0,370860,4,4iJVaUomnR7fqU6sEAgNaV
6wy5UwmFUQyvV8Qzpxqdzi,Domino Dancing Club Mix,0.813,0.376,7,-5.917,1,0.0528,0.000435,0.0059,0.0268,0.689,127.994,395600,4,4iJVaUomnR7fqU6sEAgNaV
76XAEIVTSmXwrq41rt2n5G,Forget It,0.717,0.903,7,-6.042,0,0.141,0.179,0.00532,0.192,0.344,122.986,173694,4,4iJVaUomnR7fqU6sEAgNaV
6YbddCp68NauPlNuHCrbCz,Beginning,0.792,0.778,7,-8.503,1,0.0709,0.0286,0.887,0.0814,0.364,124.999,293950,4,4iJVaUomnR7fqU6sEAgNaV
3MYmD3ImWpG3cFS3fLBgBW,Falling Anthem (feat. Alyssa Palmer) - Hervé's We Are A Beautiful Disaster Remix,0.688,0.797,9,-4.524,0,0.0442,0.0227,5.77e-05,0.16,0.503,127.94,392840,4,4iJVaUomnR7fqU6sEAgNaV
6fzvBXmU3zgnpJuxMyJamF,The Salmon Dance - Crookers Wow Remix,0.794,0.73,11,-4.58,1,0.0538,0.0548,0.0329,0.0703,0.353,130.046,316907,4,4iJVaUomnR7fqU6sEAgNaV
0Wjw9OjWh7DM4jozCibeIT,Under The Sun - Herve's Ain't No Sunshine Mix,0.785,0.739,2,-3.485,1,0.097,0.0128,0.163,0.06,0.449,126.014,320119,4,4iJVaUomnR7fqU6sEAgNaV
7LL40F6YdZgeiQ6en1c7Lk,Robot Rock,0.59,0.787,7,-5.766,1,0.0512,6.94e-06,0.845,0.0293,0.598,111.926,287720,4,4iJVaUomnR7fqU6sEAgNaV
4H9637mkUDyk9Rq0WgDEwc,Je veux te voir,0.924,0.651,7,-3.894,1,0.124,0.0203,0.0069,0.059,0.898,126.947,261920,4,4iJVaUomnR7fqU6sEAgNaV
1prgTVhmJG4fv8sPPFzXGS,Requiem for a Hit,0.848,0.674,0,-7.216,0,0.0837,0.0047,0.0708,0.24,0.519,140.019,312413,4,4iJVaUomnR7fqU6sEAgNaV
0NWWDumjD2TCrR6iV6ZFgR,Fuck the Pain Away,0.904,0.944,4,-2.626,1,0.138,0.0339,0.00592,0.075,0.931,131.599,250693,4,4iJVaUomnR7fqU6sEAgNaV
2eUomofxqu973hHJJuIj51,What Else Is There ? - Trentemoller Remix,0.756,0.568,6,-9.239,0,0.0444,0.00855,0.465,0.147,0.247,122.982,462373,4,4iJVaUomnR7fqU6sEAgNaV
4tdgjFQSFO0KLBcOhuhUn7,Hustler - Radio Edit,0.685,0.898,10,-2.719,0,0.041,0.00434,0.817,0.0708,0.694,126.964,224667,4,4iJVaUomnR7fqU6sEAgNaV
6y7KO8QLwn1nusi7DoEAvx,Anasthasia - Out Of History Mix,0.602,0.977,2,-11.249,1,0.0403,9.92e-05,0.958,0.307,0.516,128.019,275333,4,4iJVaUomnR7fqU6sEAgNaV
13VzICf1DZWrjNpCnzGtM9,Animal - Punks Jump Up Remix,0.599,0.649,8,-8.183,0,0.0904,0.000194,0.0019,0.0773,0.723,126.951,320827,4,4iJVaUomnR7fqU6sEAgNaV
6QWpolEawxnSNfYOmYFG0M,I Fink U Freeky,0.844,0.751,6,-6.5,1,0.223,0.0292,1.71e-05,0.499,0.514,129.985,280920,4,4iJVaUomnR7fqU6sEAgNaV
5Zd248S5fs1chhrZI4MLw0,Lighterman,0.855,0.669,1,-6.795,1,0.171,0.101,0.000208,0.218,0.346,130.087,242675,4,4iJVaUomnR7fqU6sEAgNaV
59izq3r5LMQr65Wdmj0NQL,Sveglia,0.891,0.559,7,-4.573,1,0.0826,0.00184,0.00069,0.119,0.689,129.001,289013,4,4iJVaUomnR7fqU6sEAgNaV
3KEnGyuImTqe7asrYW0kUv,Positif,0.744,0.928,10,-5.628,0,0.0495,0.000409,0.624,0.132,0.507,123.014,171120,4,4iJVaUomnR7fqU6sEAgNaV
3sR4m7aR5zxendIxV53Thl,Girls,0.663,0.961,1,-4.737,0,0.0653,0.000119,0.432,0.195,0.537,124.701,252573,4,4iJVaUomnR7fqU6sEAgNaV
1wMC9Fun4gQfkO0HcLcloO,Dance In Dark,0.419,0.747,11,-7.786,0,0.271,0.00368,0.0867,0.104,0.162,128.214,240191,4,4iJVaUomnR7fqU6sEAgNaV
7FNmPixdhBkPMcfWxMAZAw,Washing Up - Tiga Remix,0.789,0.455,6,-10.357,1,0.0619,0.000358,0.919,0.0967,0.321,128.01,219133,4,4iJVaUomnR7fqU6sEAgNaV
0ABUwW2eGGtBMc696DHGkk,Kids - Soulwax Mix,0.565,0.857,9,-5.349,1,0.079,0.000239,0.0425,0.0433,0.291,128.006,338293,4,4iJVaUomnR7fqU6sEAgNaV
7mEGPyPVnNFwmzMLhp0Ghe,Standing in the Way of Control - Soulwax Nite Version,0.641,0.939,2,-7.822,1,0.0571,0.000223,0.871,0.0777,0.0963,128.015,412603,4,4iJVaUomnR7fqU6sEAgNaV
1Un8Xn0pHlKTZsFva08LJG,Bangkok - Original Mix,0.795,0.62,10,-5.325,0,0.0473,0.00143,0.289,0.0824,0.216,127.996,323323,4,4iJVaUomnR7fqU6sEAgNaV
0WGLjl3EIjf9MjJFJ90yX9,Waters of Nazareth,0.603,0.835,2,-5.097,1,0.0755,5.15e-05,0.94,0.546,0.0362,123.929,265173,4,4iJVaUomnR7fqU6sEAgNaV
2mADXArfasuB1buKDCutCX,Saint Bass City Rockers,0.528,0.9,1,-3.641,0,0.0531,0.000741,0.39,0.107,0.0633,127.959,316870,4,4iJVaUomnR7fqU6sEAgNaV
79CUrU5o2KAVDTNm4x3eGU,Firestarter,0.545,0.948,11,-5.098,1,0.0779,0.00335,0.364,0.226,0.355,141.507,279800,4,4iJVaUomnR7fqU6sEAgNaV
5TTymaK2n79VL3JiC35nWk,"Eat, Sleep, Rave, Repeat (feat. Beardyman) - Calvin Harris Remix",0.75,0.933,0,-4.253,1,0.11,0.393,0.0149,0.134,0.59,127.958,282170,4,4iJVaUomnR7fqU6sEAgNaV
29KB0fBhoo7o9QvGkG8iHQ,Playing Games,0.674,0.824,7,-6.622,1,0.0303,0.049,0.00244,0.0872,0.865,102.692,473010,4,6JX3Iryd8esQYX66jzqtms
0DCzMvkONMvWDiOtVzyRUX,Dear Breeze,0.635,0.61,8,-6.73,1,0.0257,0.413,0.00455,0.26,0.742,91.211,241360,4,6JX3Iryd8esQYX66jzqtms
5LXQeJX8ZGS7Q5ZZ3vtGF7,Wanna Kiss,0.911,0.718,11,-5.93,0,0.0765,0.262,0.000813,0.104,0.902,107.124,270560,4,6JX3Iryd8esQYX66jzqtms
5UALT7O9jTuEkYjPbdKNYY,Between Calmness and Passion,0.592,0.673,2,-6.544,1,0.148,0.189,0.724,0.0639,0.56,122.953,294880,4,6JX3Iryd8esQYX66jzqtms
3Atr08f7fByVZQdk0dOmz3,愛が止まらない ~Turn It Into Love~ (Original Remastered 2018),0.607,0.884,1,-5.67,0,0.0539,0.608,0,0.241,0.679,119.343,208907,4,6JX3Iryd8esQYX66jzqtms
59Bc4RPzSL3nYPANh25a6J,My Jinji,0.389,0.597,7,-8.436,1,0.0308,0.533,0.397,0.144,0.506,143.933,400560,4,6JX3Iryd8esQYX66jzqtms
1DWfjSM4lKBjg7hQLwYkr2,ひと夏のタペストリー,0.879,0.573,10,-11.974,1,0.129,0.154,0.000153,0.119,0.808,127.613,269933,4,6JX3Iryd8esQYX66jzqtms
6OsgFiH15CyRUYbc2MX3PC,Shingo,0.881,0.604,11,-9.738,0,0.0595,0.0109,0.341,0.124,0.953,108.016,397778,4,6JX3Iryd8esQYX66jzqtms
1EAQWSSscRRoGhCEymwVxt,Grape Crush,0.728,0.755,1,-7.713,0,0.035,6.99e-05,0.243,0.0458,0.724,129.255,155971,4,6JX3Iryd8esQYX66jzqtms
6h3NfvlWed8jwv1xECzQE4,Crush,0.709,0.545,0,-10.37,1,0.0359,0.284,0.948,0.0529,0.587,112.631,226647,4,6JX3Iryd8esQYX66jzqtms
4CDKkGFIVdiHg981gWHxk5,さよなら,0.39,0.56,4,-5.347,0,0.0489,0.539,2.81e-05,0.227,0.274,166.373,303867,4,6JX3Iryd8esQYX66jzqtms
4RvJ5sXFvWt8n9HHt7yBRD,Summer Suspicion,0.699,0.7,11,-5.314,0,0.0299,0.195,3.79e-06,0.0697,0.724,130.824,274160,4,6JX3Iryd8esQYX66jzqtms
5QVIt5N6Rg7fJHrwUt55Zo,ガラスのPALM TREE,0.759,0.712,9,-6.746,0,0.0366,0.416,4.05e-06,0.0775,0.942,132.988,271600,4,6JX3Iryd8esQYX66jzqtms
7ISDHzm0wwyyYTA6oBahNC,Phoenix,0.694,0.621,11,-13.987,0,0.0357,0.395,0.0163,0.0822,0.732,114.057,290493,4,6JX3Iryd8esQYX66jzqtms
40uwNPMXHFJlZmxjzjody3,たそがれマイ・ラブ,0.676,0.784,7,-6.681,0,0.055,0.327,0.00122,0.349,0.838,110.665,229480,4,6JX3Iryd8esQYX66jzqtms
38LrhW3eQSt3cK88dkvl5e,Misty Night Cruising,0.587,0.977,10,-3.589,1,0.0711,0.0353,4.77e-06,0.536,0.519,146.518,267893,4,6JX3Iryd8esQYX66jzqtms
5D3OGstWoHMSvDP9iO5LH9,"うれしい!たのしい!大好き!(‘EVERLASTING’ VERSION) - ""Everlasting"" Version",0.61,0.724,0,-10.896,0,0.044,0.0516,0,0.0528,0.734,113.29,260827,4,6JX3Iryd8esQYX66jzqtms
3QOJdBuXIxpfZ0UfUyErpJ,I Thought It Was You,0.614,0.761,8,-14.346,0,0.0476,0.0856,0.618,0.063,0.881,122.889,428427,4,6JX3Iryd8esQYX66jzqtms
5o0rCh8WNDAX7Hl81Cjqq2,APPROACH,0.681,0.795,7,-9.097,1,0.0419,0.302,0,0.235,0.679,114.999,294493,4,6JX3Iryd8esQYX66jzqtms
5EyleO5KEgTHTi8pX7JTTs,接吻 kiss - Single Version,0.61,0.715,4,-10.605,0,0.0438,0.259,6.07e-06,0.0596,0.652,96.048,304133,4,6JX3Iryd8esQYX66jzqtms
5TAePjvWgL1aHvtBfFem5N,Crazy Nights,0.604,0.877,11,-4.899,0,0.065,0.000225,0.731,0.157,0.354,125.001,153600,4,6JX3Iryd8esQYX66jzqtms
4S0ocgwYEX8u8uosGVASjc,Pink Dance,0.7,0.814,0,-5.015,0,0.0731,0.000239,0.0975,0.217,0.653,119.978,176000,4,6JX3Iryd8esQYX66jzqtms
1HDqBV6gWeqFStJHLmPjh4,ふたりの夏物語 NEVER ENDING SUMMER,0.593,0.829,2,-4.557,0,0.0442,0.343,5.52e-06,0.0511,0.728,156.83,241253,4,6JX3Iryd8esQYX66jzqtms
5ao8tEjVqtn9zx0YHvtNRU,君は1000%,0.681,0.435,4,-12.873,0,0.0291,0.614,0,0.134,0.758,131.936,251267,4,6JX3Iryd8esQYX66jzqtms
1UMTkDVCP1Osrt9BLj12go,Miss Macross,0.594,0.77,11,-6.79,0,0.183,0.000138,0.512,0.315,0.532,127.911,149062,4,6JX3Iryd8esQYX66jzqtms
1mfcYIaZ2xiXv9q75sxdnP,I Miss You (feat. Roman),0.606,0.793,11,-7.422,0,0.0318,0.00698,0.454,0.3,0.773,119.986,166000,4,6JX3Iryd8esQYX66jzqtms
7q6byR5f3eD2K6ng0vFbB4,君のハートはマリンブルー,0.605,0.804,4,-5.533,0,0.027,0.35,1.7e-06,0.307,0.624,113.652,296987,4,6JX3Iryd8esQYX66jzqtms
3GUOVEH6aPcPnB9Ualdwu8,Tourist In Paradise,0.604,0.613,7,-11.862,0,0.0288,0.224,0.887,0.152,0.698,114.044,341000,4,6JX3Iryd8esQYX66jzqtms
6UMUoWNOxb6Crk6z1uk0qe,Nightdrive Overdrive (Road to the Pool Party),0.533,0.835,4,-6.105,0,0.0315,0.0524,0.877,0.122,0.964,144.009,268333,4,6JX3Iryd8esQYX66jzqtms
5WTCHYg9G27e9e5HFKGdd1,Sweet Love,0.607,0.705,5,-6.929,0,0.0309,0.241,0,0.31,0.656,93.04,289333,4,6JX3Iryd8esQYX66jzqtms
0d44Njo4glyy97W6AvvMLT,ルビーの指環,0.562,0.386,3,-11.727,1,0.0326,0.695,4.16e-06,0.278,0.61,95.818,258040,4,6JX3Iryd8esQYX66jzqtms
10nE6yd1TUUtjpuLeapZmN,ワインレッドの心,0.716,0.47,6,-12.056,0,0.0277,0.0458,1.16e-05,0.197,0.662,118.824,250507,4,6JX3Iryd8esQYX66jzqtms
22p7tgi6cFVBaH7vAbgcUY,River's Island,0.717,0.893,9,-5.218,0,0.0396,0.141,0.000613,0.359,0.68,107.819,278160,4,6JX3Iryd8esQYX66jzqtms
4uedOJajNogY115gktPcvI,ダンシング・ヒーロー(Eat You Up),0.664,0.979,6,-5.311,0,0.0385,0.0212,0.000397,0.458,0.888,132.247,227300,4,6JX3Iryd8esQYX66jzqtms
54lFJFtOi2lQMYvBSPlMWt,Night Cruise,0.557,0.656,11,-7.587,0,0.0309,0.122,0.277,0.0972,0.802,207.875,349520,4,6JX3Iryd8esQYX66jzqtms
5RSpR665UGsu1FFEq1pG8R,I'm in Love,0.745,0.34,5,-15.917,1,0.0421,0.0207,2.59e-05,0.147,0.675,102.334,353467,4,6JX3Iryd8esQYX66jzqtms
5Jceu500e4SAup5qHKXJJB,Fly With Me,0.556,0.872,2,-5.357,0,0.19,0.00355,3.17e-06,0.0986,0.577,129.997,199385,4,6JX3Iryd8esQYX66jzqtms
1Hfjy5mfIUsBLBBf4eqBnO,Riverside Hotel,0.612,0.77,9,-5.49,0,0.0319,0.234,0,0.0563,0.627,126.656,277360,4,6JX3Iryd8esQYX66jzqtms
0Pty8SVxAew9j7eBOD8Kaa,Older Girl,0.665,0.875,7,-12.724,1,0.0405,0.0891,0.0091,0.157,0.713,102.322,255960,4,6JX3Iryd8esQYX66jzqtms
0EFQ6qhrA7cdFAA30kZq6o,プラスティック・ラブ,0.665,0.853,2,-4.868,0,0.0313,0.243,5.6e-06,0.142,0.793,101.973,305960,4,6JX3Iryd8esQYX66jzqtms
6S12wSUpj4Gdjld8Rfu7zm,淋しい熱帯魚[Bonus Track] (Remastered 2013),0.636,0.954,9,-6.125,0,0.0365,0.395,0.000546,0.043,0.958,121.914,269013,4,6JX3Iryd8esQYX66jzqtms
5Apf3vHBoTfRBTRhrndVXO,Midnight Down Town,0.76,0.707,7,-7.723,0,0.0437,0.298,0.000168,0.0364,0.911,124.035,305733,4,6JX3Iryd8esQYX66jzqtms
17eq8ikJyAWcd3WWKz94mB,Rainy Dance Flooor,0.646,0.907,6,-3.663,0,0.0541,0.0377,0,0.102,0.95,153.992,260373,4,6JX3Iryd8esQYX66jzqtms
3F0CAoOvBaL4Zz78MpJQla,Once Upon A Summertime,0.604,0.916,9,-6.047,1,0.0475,0.171,1.21e-05,0.367,0.833,154.068,271947,4,6JX3Iryd8esQYX66jzqtms
6w9Ob2zjMx1o614BI9wZsI,Plastic Love,0.537,0.876,10,-5.621,0,0.0843,0.125,0.00675,0.29,0.842,122.722,346828,4,6JX3Iryd8esQYX66jzqtms
6OuFH2f6Oq0QddSmwZJu6T,Lady Free,0.668,0.5,9,-14.984,0,0.0298,0.0306,0.000128,0.0566,0.769,132.989,277573,4,6JX3Iryd8esQYX66jzqtms
7rU6Iebxzlvqy5t857bKFq,Plastic Love,0.648,0.875,2,-5.141,0,0.034,0.0747,9.64e-05,0.196,0.857,102.517,294493,4,6JX3Iryd8esQYX66jzqtms
5fCFxxaSBZ9LwgWeP86m4y,I Am Justice,0.594,0.978,2,-3.064,1,0.158,0.0136,0.00161,0.226,0.162,99.986,184268,4,5dAPQj9V8EUvOzl9IpdOo0
3pdAe0c6l08B6wMYVghyCs,Feel Alive,0.439,0.997,5,-3.717,1,0.0468,0.0495,0,0.129,0.1,95.019,213333,4,5dAPQj9V8EUvOzl9IpdOo0
0xIvvrju0lBXxLHMr2z2yq,Haters Of God,0.783,0.998,1,-1.065,1,0.275,0.224,4.08e-05,0.326,0.0791,100.006,204000,4,5dAPQj9V8EUvOzl9IpdOo0
3mh8QluFn5x2kk3Q2GD3Yj,The Next Level,0.579,0.99,11,-2.387,0,0.103,0.0415,0.00109,0.164,0.351,94.999,202105,4,5dAPQj9V8EUvOzl9IpdOo0
202i6THNlfomWHa4YJsFd0,Woofer - Minus Militia Remix,0.586,0.967,7,-0.806,1,0.326,0.0926,0.000114,0.157,0.492,175.039,169029,1,5dAPQj9V8EUvOzl9IpdOo0
4ixcgLLEfCVvQ7qJuik70I,Omnia Of Kicks,0.336,0.989,11,-1.968,0,0.196,0.000642,0.00278,0.438,0.239,157.068,137419,4,5dAPQj9V8EUvOzl9IpdOo0
7F6XUF0H5anNyhrzv7YIc6,Warrior,0.583,0.98,7,0.022,1,0.142,0.0309,0.0306,0.0704,0.147,105.024,182000,4,5dAPQj9V8EUvOzl9IpdOo0
6nh5b1pGJQ8f8aC4dbmX8d,Forgiven,0.45,0.942,4,-3.059,0,0.0728,0.0561,0,0.15,0.304,160.065,235500,4,5dAPQj9V8EUvOzl9IpdOo0
1AszRJOBCaLiD3OONVzGah,Skyfall,0.461,0.984,0,-1.695,0,0.25,0.000266,0.411,0.344,0.0912,97.466,217865,1,5dAPQj9V8EUvOzl9IpdOo0
5oe2u3JbJKnsOi7oqfSfOE,Equalize,0.529,0.93,6,-2.272,0,0.118,0.000813,0.000153,0.132,0.395,95.015,207158,4,5dAPQj9V8EUvOzl9IpdOo0
1Se9t4y2b1UwsVfrwKHB8h,The Living Proof,0.464,0.997,3,-2.018,0,0.251,0.168,3.89e-05,0.515,0.0929,185.032,268541,4,5dAPQj9V8EUvOzl9IpdOo0
4oQifw7H6Itict1dGa46D2,The Curse,0.549,0.989,1,-3.636,1,0.287,0.00365,0.736,0.41,0.111,179.908,209340,4,5dAPQj9V8EUvOzl9IpdOo0
1ng6zH9ZqKGq0jBRLV2rPn,Disco Bitch,0.519,0.949,4,-1.454,0,0.0397,0.00092,0,0.318,0.0362,102.47,176491,4,5dAPQj9V8EUvOzl9IpdOo0
0uEvHGNyv30OBRoMEpFfbk,Blast the Speakers - Album Mix,0.61,0.985,11,-4.589,0,0.099,0.000431,0.818,0.591,0.419,137.983,217360,4,5dAPQj9V8EUvOzl9IpdOo0
2iPQyTGxQn49fGaqqrbH51,T'as vu,0.72,0.639,2,-11.447,0,0.0538,0.0961,0.00327,0.229,0.331,122.961,241053,4,129jiXB63YHUdZY1fy5s6f
47rkFRFelwgMyHuIHM8hMV,L'amour hélas,0.589,0.387,7,-10.695,1,0.0329,0.656,0.0317,0.141,0.458,85.95,130520,4,129jiXB63YHUdZY1fy5s6f
4I0DyJvC2KW6BFsXSpCaan,Tes nuits berlinoises,0.726,0.419,10,-9.588,0,0.0839,0.521,0.0204,0.0946,0.794,162.085,185173,4,129jiXB63YHUdZY1fy5s6f
2I8sHMyeAWZgX2lcuKQGRH,Vertige,0.814,0.449,6,-11.85,0,0.119,0.863,0.00719,0.0968,0.607,112.077,156947,4,129jiXB63YHUdZY1fy5s6f
5IWmELcEl3K0InVEAYESuL,Rue de Prague,0.725,0.356,8,-10.853,0,0.0714,0.696,0.00299,0.134,0.448,86.012,205427,4,129jiXB63YHUdZY1fy5s6f
7jV8nqU2LJ1UoZ4vx2gMoi,Quelqu'un quelque part,0.656,0.499,5,-10.503,0,0.267,0.837,0.00844,0.109,0.466,74.459,162987,4,129jiXB63YHUdZY1fy5s6f
73rH6TKRYisikipu46Q3Ij,Je me souviens de nous,0.576,0.529,0,-10.673,1,0.0432,0.749,0.0506,0.102,0.63,173.995,186053,4,129jiXB63YHUdZY1fy5s6f
10XX4oaH3Z0cOOzzun36yN,La belle affaire,0.76,0.455,7,-12.324,0,0.508,0.54,0.000401,0.194,0.736,175.862,167813,4,129jiXB63YHUdZY1fy5s6f
6YEQ0MCpxOBB0s904XKh0r,Elle voudrait,0.887,0.456,6,-9.271,1,0.0557,0.118,0.025,0.127,0.829,137.028,171960,4,129jiXB63YHUdZY1fy5s6f
5lcznf5PPdhUkUKsjeDk2L,Ai-je perdu le nord ?,0.792,0.404,1,-11.345,1,0.0989,0.933,0.0363,0.124,0.515,134.989,189560,4,129jiXB63YHUdZY1fy5s6f
1iAZvWOf8yF1xoVMBT66r6,Le coiffeur,0.603,0.305,2,-12.896,1,0.0546,0.883,9.42e-05,0.135,0.684,81.751,173000,4,129jiXB63YHUdZY1fy5s6f
00umXm37Lso0GPEFZSCxWE,Plein les doigts,0.574,0.178,7,-12.921,0,0.232,0.966,0,0.0981,0.473,147.075,173067,4,129jiXB63YHUdZY1fy5s6f
3h2cIHHb476OoUgFChbIR5,Tu peux toujours courir,0.708,0.609,11,-10.029,1,0.275,0.781,0,0.102,0.894,158.013,204667,4,129jiXB63YHUdZY1fy5s6f
2CqWq0XmKm2Bgl6pihCa37,Haussmann à l'envers,0.485,0.399,0,-10.748,1,0.111,0.917,0.000165,0.127,0.277,144.144,159253,4,129jiXB63YHUdZY1fy5s6f
4OHMJQFXqaDV2YJN6B8Iwb,Éric Rohmer est mort,0.487,0.269,9,-11.657,0,0.0472,0.971,1.31e-05,0.0696,0.325,139.459,174053,4,129jiXB63YHUdZY1fy5s6f
6jBzXFQcU0QEbmPdQilvvu,Chamallow's Song,0.75,0.299,7,-12.905,0,0.0383,0.927,0.00234,0.121,0.545,122.01,181333,4,129jiXB63YHUdZY1fy5s6f
30U97bMwf7e8dEDkMT5kaQ,Des équilibristes,0.672,0.403,7,-12.022,0,0.0556,0.92,6.57e-05,0.094,0.697,134.153,195320,4,129jiXB63YHUdZY1fy5s6f
5WvY8tawCy0cqZJcpRIBRF,Simon,0.734,0.324,9,-11.487,0,0.0645,0.928,4.3e-06,0.0913,0.887,126.049,119400,4,129jiXB63YHUdZY1fy5s6f
4fViZSBsH3MT4l8xuFfarV,Le bout du monde,0.482,0.149,7,-15.293,1,0.038,0.986,0.00138,0.1,0.307,120.113,168480,4,129jiXB63YHUdZY1fy5s6f
3WvznmcV3aT1uG9JPfbRQo,Printemps,0.675,0.44,5,-12.225,1,0.174,0.887,1.4e-05,0.105,0.738,150.195,189040,4,129jiXB63YHUdZY1fy5s6f
2za1lz4uIq6PBQosO6x2sw,Vertige,0.818,0.301,6,-18.133,0,0.111,0.829,0.0096,0.106,0.64,112.063,155747,4,129jiXB63YHUdZY1fy5s6f
0kCqVoQfB8TquuPQNZvjcP,Amoureuse,0.742,0.536,0,-10.354,0,0.306,0.572,6.71e-05,0.0866,0.625,99.962,183133,4,129jiXB63YHUdZY1fy5s6f
6GKHgrk3Z2XAiwnIVgBqSz,Sur les horodateurs,0.768,0.449,5,-12.147,0,0.125,0.203,0.00422,0.0879,0.75,159.02,221600,4,129jiXB63YHUdZY1fy5s6f
3GnlpRDHqjGXCkgd6fAmgW,Au bar de l'Oubli,0.753,0.458,5,-9.206,0,0.127,0.804,0.0256,0.1,0.519,145.91,185867,4,129jiXB63YHUdZY1fy5s6f
0kqN077CyRrOzip2ihuAmT,Tristan,0.448,0.308,7,-12.539,1,0.0754,0.911,0.000108,0.108,0.443,181.682,150933,3,129jiXB63YHUdZY1fy5s6f
7degYemkw9mlMw4om7ScNA,Déjà Venise,0.877,0.493,10,-11.662,0,0.0899,0.173,0.00252,0.0592,0.612,109.996,232080,4,129jiXB63YHUdZY1fy5s6f
4nc4MqxV7V4Q6nlocfwzy0,Nous perdre au Louvre,0.748,0.431,10,-12.248,0,0.334,0.726,0.00488,0.0865,0.612,142.521,202893,4,129jiXB63YHUdZY1fy5s6f
1XviEMCywN34P98O6k0T5B,Des pas dans la neige,0.755,0.408,6,-12.011,0,0.0432,0.868,0.222,0.243,0.379,108.022,190253,4,129jiXB63YHUdZY1fy5s6f
28uPM677P5DmaF51BHJhAq,Porque Te Vas,0.887,0.4,7,-13.636,0,0.0755,0.27,0.167,0.0932,0.77,109.992,166480,4,129jiXB63YHUdZY1fy5s6f
2p7TFTJKLWUOPu2bU4ydAm,Romy S.,0.802,0.362,2,-13.459,1,0.0681,0.792,0.017,0.113,0.333,114.949,236893,4,129jiXB63YHUdZY1fy5s6f
54Ap7ZPc1YXTUWQC7XGTcl,Get Rdy,0.81,0.854,8,-5.685,0,0.105,0.0391,0.727,0.283,0.971,119.982,120555,4,12rlT2TUg3Ta7zQz3UwEx8
6NvPZyMtRPr0zmZAkO6sfd,Party in Me,0.8,0.766,7,-6.949,0,0.696,0.0993,5.93e-06,0.106,0.549,125.013,218880,4,12rlT2TUg3Ta7zQz3UwEx8
4MmO631CdxuFOm18UVbhkp,Fun Tonight,0.612,0.938,10,-7.253,0,0.0562,2.51e-05,0.717,0.329,0.595,129.994,162462,4,12rlT2TUg3Ta7zQz3UwEx8
6Ust10S1TYG2aDNjfm7AX4,Sunset On The Shore,0.696,0.689,5,-8.777,0,0.294,0.000325,0.82,0.166,0.968,125.941,171429,4,12rlT2TUg3Ta7zQz3UwEx8
5itV76hYlBdBeUIMZlkRwE,Perfect Blue,0.678,0.839,1,-7.614,0,0.0376,0.000943,0.393,0.3,0.671,119.043,175462,4,12rlT2TUg3Ta7zQz3UwEx8
1UMTkDVCP1Osrt9BLj12go,Miss Macross,0.594,0.77,11,-6.79,0,0.183,0.000138,0.512,0.315,0.532,127.911,149062,4,12rlT2TUg3Ta7zQz3UwEx8
3Bd7kaGlsNWGGN7MnOffrz,Yebisu - Yung Bae Edit,0.5,0.951,10,-4.161,0,0.215,0.0113,0.00444,0.0591,0.656,119.921,128000,4,12rlT2TUg3Ta7zQz3UwEx8
0ZmmCjdy3drOX11zMqcLhd,Never Fall in Love Again,0.553,0.902,0,-5.97,1,0.617,0.00616,0.0152,0.222,0.458,128.061,187820,4,12rlT2TUg3Ta7zQz3UwEx8
3a99nVOjWIe2vWXmOEKEpX,Blatant Plagiarism,0.662,0.767,0,-7.211,1,0.0959,0.0526,0.000555,0.098,0.659,120.026,170510,4,12rlT2TUg3Ta7zQz3UwEx8
6w9Ob2zjMx1o614BI9wZsI,Plastic Love,0.537,0.876,10,-5.621,0,0.0843,0.125,0.00675,0.29,0.842,122.722,346828,4,12rlT2TUg3Ta7zQz3UwEx8
1Eb3yQJL25tNnz6FgSdTWm,I'm So Alone,0.547,0.749,2,-4.673,1,0.316,0.00135,7.74e-06,0.382,0.735,129.97,212376,4,12rlT2TUg3Ta7zQz3UwEx8
4q8sr39iXhWNffcpHXm6jR,Babybaby No Yume,0.741,0.919,11,-4.715,0,0.196,0.00578,0.0136,0.123,0.592,119.982,168083,4,12rlT2TUg3Ta7zQz3UwEx8
4X7DNtQrK71hShiyeognoq,City Nightlife - Original Mix,0.53,0.937,8,-5.143,0,0.197,0.0025,0.0408,0.093,0.301,119.961,216000,4,12rlT2TUg3Ta7zQz3UwEx8
6LjEAMtB3INMAeUqyHnE2F,It's Good to See You Again!!,0.707,0.757,1,-9.052,1,0.316,0.00345,0.000294,0.108,0.905,124.986,234240,4,12rlT2TUg3Ta7zQz3UwEx8
09dHKj0JgQ4RdnEHL8fgst,Answer,0.72,0.555,6,-7.385,1,0.157,0.0183,0.852,0.0794,0.662,121.993,230656,4,12rlT2TUg3Ta7zQz3UwEx8
4iEBWdcJYzG0Fh2iVi0g75,Gadol Elohai / How Great Is Our God,0.305,0.659,10,-6.364,1,0.035,0.256,0,0.0833,0.337,159.771,289669,4,0xA8ukLzlZ4pHs0w4JFFAu
15RiCX4GasV0oulOzdzGaN,King Of Kings - Studio,0.489,0.477,2,-7.343,1,0.0299,0.122,0,0.1,0.177,136.045,265133,4,0xA8ukLzlZ4pHs0w4JFFAu
5tmv8OMhVGAKIZl0f3yDsA,Regerar i Ditt ljus,0.368,0.603,0,-7.506,1,0.0331,0.0145,0.00103,0.667,0.0574,165.949,350147,4,0xA8ukLzlZ4pHs0w4JFFAu
1Kk9yRJMH3tTgERiSAU8WO,Du,0.403,0.881,4,-5.961,1,0.064,0.00318,2.54e-06,0.784,0.157,139.983,271107,4,0xA8ukLzlZ4pHs0w4JFFAu
5DUdzAUy7qY8MO57bsysd9,Many Waters (feat. Jon Owens),0.593,0.829,9,-7.191,0,0.0392,0.00182,5.68e-06,0.105,0.371,132.038,234042,4,0xA8ukLzlZ4pHs0w4JFFAu
2VM4NTsD7rR3irHxjB41WW,Victory,0.745,0.699,2,-4.262,1,0.121,0.415,0,0.132,0.861,125.859,239569,4,0xA8ukLzlZ4pHs0w4JFFAu
4DosgMYWthi2sAHwiOQte2,Alive (Live),0.567,0.947,1,-3.733,0,0.0883,0.000891,6.79e-05,0.869,0.635,131.988,233373,4,0xA8ukLzlZ4pHs0w4JFFAu
31unYkU9GTvYYSDhVyJmpc,See The Light - Live at Hillsong Conference,0.512,0.87,9,-6.745,1,0.0626,0.000829,0,0.945,0.309,115.942,250314,4,0xA8ukLzlZ4pHs0w4JFFAu
5oyYmgnwGZ74992OLfYD2f,King Of Kings - Live at Hillsong Conference,0.454,0.427,2,-8.049,1,0.029,0.0205,0,0.69,0.184,135.887,291566,4,0xA8ukLzlZ4pHs0w4JFFAu
5gAzqSMsJ102ikl0O65LKb,Dance With Me / Glory Come Down (feat. Micah Mahoney & Abby Mahoney),0.343,0.358,2,-8.152,1,0.0303,0.0512,0,0.156,0.0677,125.936,387319,3,0xA8ukLzlZ4pHs0w4JFFAu
6fcZ6mdPV2cwHSAX8tViVr,B'Elohim / Forever Amen - Live,0.471,0.522,7,-9.508,1,0.0311,0.107,0,0.221,0.377,135.99,322513,4,0xA8ukLzlZ4pHs0w4JFFAu
3Lca29U4AaObrsNauGFhgK,How Great Is Our God - World Edition,0.356,0.555,1,-5.658,1,0.0311,0.237,0,0.107,0.0759,78.104,365134,4,0xA8ukLzlZ4pHs0w4JFFAu
4aq9V8BfjxocDeQF10CVcv,O Mighty One (feat. Jasmin Smith),0.243,0.571,5,-6.31,1,0.0505,0.0306,0,0.863,0.138,159.747,329498,3,0xA8ukLzlZ4pHs0w4JFFAu
13rcbH7M57SmVyZ5nCEBDD,Eu Danço - Ao Vivo,0.66,0.938,1,-5.044,0,0.0361,0.0424,6.29e-05,0.62,0.58,126.983,265533,4,0xA8ukLzlZ4pHs0w4JFFAu
3CVIWxHmDl13IeKZ1ifEiE,Every Tribe (feat. Chief Riverwind & John Schlitt),0.426,0.889,11,-5.932,0,0.0623,0.31,0.000342,0.152,0.62,179.75,216827,4,0xA8ukLzlZ4pHs0w4JFFAu
2xJKJokkOpf371HV1ViJSc,Vi ger vårt allt,0.386,0.928,11,-6.484,1,0.0567,0.000112,0,0.789,0.213,146.98,256453,4,0xA8ukLzlZ4pHs0w4JFFAu
3tBCNLlBy3nwkraOT9nAoE,Enfant de Dieu,0.533,0.908,10,-4.397,1,0.0544,0.0034,0.000816,0.33,0.357,122.871,219267,4,0xA8ukLzlZ4pHs0w4JFFAu
1zJcHHEfLXW1AywSdeifLf,Worthy,0.469,0.6,5,-6.71,1,0.0273,0.00936,0.000115,0.71,0.14,77.965,355960,4,0xA8ukLzlZ4pHs0w4JFFAu
67egl4SMI7KfwW1kaf89PN,Awake My Soul - Studio,0.455,0.587,5,-8.665,1,0.0336,0.00134,0,0.0942,0.127,126.836,264320,4,0xA8ukLzlZ4pHs0w4JFFAu
2FKd5vdRSk313W6B9s69tB,Come Alive - Studio,0.335,0.571,0,-8.644,1,0.0345,0.00492,0,0.0656,0.169,101.809,272427,4,0xA8ukLzlZ4pHs0w4JFFAu
7gvBkr4fXO2q998RBajkeV,Open Up the Heavens,0.392,0.838,2,-5.449,1,0.0339,0.000204,9.04e-06,0.121,0.563,200.011,237440,4,0xA8ukLzlZ4pHs0w4JFFAu
1cWzzfQCJWqhgaEVO2Ca4l,Waymaker (Live),0.336,0.769,11,-6.279,1,0.0622,0.359,0,0.909,0.288,120.0,500500,4,0xA8ukLzlZ4pHs0w4JFFAu
05YrZHG9sOz5zpznlT7A1u,Tambira Jehovah,0.434,0.92,4,-3.032,0,0.0833,0.182,0,0.147,0.531,119.967,228049,4,0xA8ukLzlZ4pHs0w4JFFAu
1OrCeLCVgk5zQwsTMQuaR2,Pentecost Praise,0.646,0.964,1,-2.566,1,0.157,0.0294,2.39e-05,0.044,0.93,123.777,301868,4,0xA8ukLzlZ4pHs0w4JFFAu
1Qs9gwjN6QhZ2abozDOQTC,Waymaker,0.412,0.633,9,-8.478,1,0.0467,0.287,0,0.801,0.257,131.846,437132,4,0xA8ukLzlZ4pHs0w4JFFAu
7t8fxi06k76NjobLDOMWn8,Aprirai Una Via (Way Maker),0.501,0.714,11,-6.488,1,0.0398,0.126,0,0.145,0.391,141.993,244106,4,0xA8ukLzlZ4pHs0w4JFFAu
4tkmm0pdXEZvHscuHWnkqy,Waymaker - Radio Version,0.499,0.73,11,-6.374,1,0.0355,0.058,0,0.146,0.449,142.016,242107,4,0xA8ukLzlZ4pHs0w4JFFAu
57THmQT14V4D39AswIqloy,Praise the Lord (Live in Jerusalem),0.51,0.949,9,-4.504,1,0.0543,0.0252,1.69e-06,0.691,0.724,98.578,186065,4,0xA8ukLzlZ4pHs0w4JFFAu
26XDqAeuRQJzhXDCUpuqY2,Citizen of Heaven,0.761,0.717,1,-4.396,1,0.0469,0.161,0,0.0989,0.569,97.966,184758,4,0xA8ukLzlZ4pHs0w4JFFAu
0s9o5zNpoRcYkXOVeLASCa,Best Friends - Studio,0.491,0.828,11,-5.368,1,0.0311,0.0829,0,0.222,0.509,75.001,183415,4,0xA8ukLzlZ4pHs0w4JFFAu
1HkXH8anJdvM3zjouj4E9k,Awake My Soul,0.436,0.721,5,-7.864,1,0.0461,0.00383,0,0.361,0.196,126.859,225624,4,0xA8ukLzlZ4pHs0w4JFFAu
1otazeWaKgfTnlmBxOyte6,Despierta Mi Alma,0.43,0.523,5,-8.355,1,0.0312,0.00261,1.21e-06,0.096,0.123,126.961,262053,4,0xA8ukLzlZ4pHs0w4JFFAu
70Y8ty6KcaQhy5OYcId1Fb,Best Friends - Live,0.502,0.772,11,-6.814,1,0.0315,0.0446,0,0.714,0.528,75.024,206742,4,0xA8ukLzlZ4pHs0w4JFFAu
2riJzw9rShSNaC2GAUn9cY,Fear No More,0.501,0.587,10,-5.587,1,0.0282,0.218,0,0.0886,0.279,82.017,202478,4,0xA8ukLzlZ4pHs0w4JFFAu
30qYNY9Q4GPYxxmH5GJC8C,Way Maker,0.303,0.625,9,-7.896,1,0.0461,0.218,0,0.0934,0.217,131.21,454316,4,0xA8ukLzlZ4pHs0w4JFFAu
1xHh8dzuyqyGJxVETA5Waj,Eh Yaweh,0.501,0.695,5,-8.73,1,0.229,0.0849,0,0.956,0.425,124.675,355760,4,0xA8ukLzlZ4pHs0w4JFFAu
7vMK0yMrE3I8KIaEgaAq2r,Tambira Jehova,0.511,0.612,7,-11.456,1,0.197,0.423,0,0.347,0.564,129.546,417533,4,0xA8ukLzlZ4pHs0w4JFFAu
008r2dRNCUKP3Wvgi7oshK,Selamta Wedebeta Geba (feat. Mskerem Getu),0.34,0.793,0,-7.66,0,0.225,0.137,5.24e-05,0.225,0.842,152.44,563966,3,0xA8ukLzlZ4pHs0w4JFFAu
475iGY9pzmv6yMT1x8whq4,Glory Halleluyah - Live,0.345,0.886,9,-9.485,1,0.171,0.0139,0.0128,0.507,0.435,92.064,813296,3,0xA8ukLzlZ4pHs0w4JFFAu
0pD0cVeg60lRpje4yOZSbR,Habibi,0.79,0.806,0,-5.736,1,0.0711,0.26,0,0.114,0.949,106.995,294533,4,0xA8ukLzlZ4pHs0w4JFFAu
6abHCvVyEenBTc7Q8PXHMU,Yeshu Tu Hi Hai,0.542,0.686,8,-10.308,1,0.0514,0.154,0.00684,0.167,0.321,138.952,284568,4,0xA8ukLzlZ4pHs0w4JFFAu
4m9iNEL31Xcmnlj1hjNKWH,Chamatkari Parmeshwar,0.443,0.835,0,-6.808,0,0.12,0.108,0,0.325,0.682,146.972,381245,4,0xA8ukLzlZ4pHs0w4JFFAu
1hIOIpZrh7vT15Vf7hxSHS,The Celtic Blessing,0.397,0.362,10,-8.779,1,0.0301,0.201,0,0.104,0.0776,140.082,378187,4,0xA8ukLzlZ4pHs0w4JFFAu
60sNmJQMSqINFhi5Ah6sQ4,Live on Forever,0.5,0.887,7,-5.467,0,0.044,0.0508,1.3e-05,0.157,0.448,134.001,259720,4,0xA8ukLzlZ4pHs0w4JFFAu
17APAQG4H2TXXAVOavVDNB,Alive & Breathing (Live),0.513,0.882,6,-7.134,1,0.0623,0.00903,0,0.912,0.294,136.058,279721,4,0xA8ukLzlZ4pHs0w4JFFAu
5Eq1Z4rkhksRO09wOH3GSm,World Outside Your Window - Live,0.319,0.72,9,-7.452,1,0.042,0.000372,0,0.453,0.36,136.816,313133,4,0xA8ukLzlZ4pHs0w4JFFAu
6g0uwBWeyxn9Na5ohrP7gX,Like A Fire,0.526,0.925,8,-2.565,1,0.0591,0.167,0,0.913,0.528,137.879,293184,4,0xA8ukLzlZ4pHs0w4JFFAu
4ECZx9RNm9HbyZ712qmi47,Your Love,0.435,0.784,9,-2.95,1,0.044,0.22,0,0.0878,0.264,135.73,423550,4,0xA8ukLzlZ4pHs0w4JFFAu
6T6P23pVlhZdY2apyAtL1O,Caminho no Deserto,0.546,0.368,11,-9.878,1,0.0313,0.509,0,0.0448,0.373,125.001,333534,4,0xA8ukLzlZ4pHs0w4JFFAu
7FCKX7XmbixBvIO60au5zj,I Love to Worship,0.271,0.635,8,-6.437,1,0.0532,0.0441,0,0.106,0.175,161.714,375425,3,0xA8ukLzlZ4pHs0w4JFFAu
46JqDjp4BMbLQrTOUHdspO,Who You Are To Me (feat. Lady A),0.59,0.798,1,-4.75,1,0.0349,0.261,0,0.112,0.272,96.02,230109,4,0xA8ukLzlZ4pHs0w4JFFAu
4KHuOybJfnC8OxVbwVTrUG,Solo Jesús,0.363,0.356,7,-9.332,1,0.029,0.22,6.02e-06,0.102,0.0769,72.99,420760,4,0xA8ukLzlZ4pHs0w4JFFAu
4k29scvxZWVwD9C7JgxBEp,Vi La Luz,0.605,0.776,9,-7.863,1,0.0361,0.0148,4.47e-06,0.225,0.596,115.999,249573,4,0xA8ukLzlZ4pHs0w4JFFAu
1IUDSiJi3vuvGJ0M738kXj,Rey De Reyes,0.433,0.499,2,-7.459,1,0.0321,0.162,0,0.106,0.136,135.99,264933,4,0xA8ukLzlZ4pHs0w4JFFAu
2lIB1TU0Cqnc6RuYDjc92z,The Blessing,0.367,0.463,11,-7.638,1,0.0335,0.121,1.04e-05,0.0983,0.187,139.996,423193,4,0xA8ukLzlZ4pHs0w4JFFAu
5O306r2a9Nl7rm5ZlaTqka,The Blessing (Live),0.416,0.583,11,-7.994,1,0.037,0.0383,0,0.116,0.185,140.001,507307,4,0xA8ukLzlZ4pHs0w4JFFAu
4prXOriNyJlZtl59MTmF43,I Will Give You Thanks,0.694,0.91,0,-5.771,1,0.0518,0.0718,2.84e-06,0.694,0.61,106.978,236840,4,0xA8ukLzlZ4pHs0w4JFFAu
7pVLItShAH9UcWLBWYZXJf,Here I Am,0.609,0.678,4,-6.599,1,0.0275,0.139,1.67e-05,0.716,0.383,103.976,284267,4,0xA8ukLzlZ4pHs0w4JFFAu
0Wl1GPHwnSiboQVUgdU8TD,Unto Heaven,0.681,0.949,0,-4.371,0,0.0466,0.028,0,0.678,0.723,110.024,185800,4,0xA8ukLzlZ4pHs0w4JFFAu
4Jd7Yra9zMRYaUH4pXexbx,Song of Ascents,0.469,0.544,6,-7.962,1,0.0432,0.316,4.43e-06,0.695,0.676,116.641,270600,4,0xA8ukLzlZ4pHs0w4JFFAu
0terifYBjiou5Tcl9bJ9Y4,How Great Is Our Lord (Live),0.327,0.5,0,-9.301,1,0.0284,0.249,6.45e-06,0.0978,0.119,155.868,342753,4,0xA8ukLzlZ4pHs0w4JFFAu
71nJlRQTZtYudsrCLEtCVD,Set a Fire,0.256,0.568,5,-8.468,1,0.0374,0.0425,2.31e-05,0.206,0.054,139.043,266333,4,0xA8ukLzlZ4pHs0w4JFFAu
0oe9sIcwjodrYVHOSfT5Y6,Valentine,0.228,0.527,5,-7.72,1,0.0359,0.00189,0,0.106,0.0843,161.463,319493,4,0xA8ukLzlZ4pHs0w4JFFAu
732IGuPmiz5jt3iasSLlFi,You Are Life,0.558,0.858,0,-6.5,1,0.0431,0.00571,0,0.715,0.269,114.992,203427,4,0xA8ukLzlZ4pHs0w4JFFAu
39JRmdKFka1Oe09FoOCPI4,Selah,0.482,0.618,9,-5.673,0,0.197,0.647,0.000859,0.32,0.146,90.076,164620,3,0xA8ukLzlZ4pHs0w4JFFAu
0IjikGRGJDXm3ojYTfFCwa,King of Glory (feat. Andrew Gudgeon),0.473,0.417,8,-8.307,1,0.0259,0.277,0,0.357,0.19,136.004,317876,4,0xA8ukLzlZ4pHs0w4JFFAu
4sQmFfRUp7CVPTukLoSntQ,People of God,0.559,0.805,11,-6.736,1,0.0409,0.306,2.61e-05,0.251,0.353,89.99,242721,4,0xA8ukLzlZ4pHs0w4JFFAu
4xt2rjmZz7I4lBr6qZlK7T,So Will I (100 Billion X) - Orchestral Version,0.359,0.29,9,-10.958,1,0.0295,0.499,1.01e-06,0.0839,0.0642,127.901,416613,4,0xA8ukLzlZ4pHs0w4JFFAu
4zpOLmgrWhOPuXfTi5K6Kc,Never Have I Ever - Studio,0.655,0.8,0,-6.416,1,0.0332,0.0101,0,0.232,0.561,144.019,185217,4,0xA8ukLzlZ4pHs0w4JFFAu
6eFyPnx1JW1mwi9l172RGi,Lift Up Your Voice,0.576,0.858,3,-7.114,1,0.0458,0.014,0.000147,0.295,0.568,123.978,212435,4,0xA8ukLzlZ4pHs0w4JFFAu
3vHJGrzLg4cr6LqevVi5Jr,Wonder,0.284,0.649,4,-8.593,1,0.0312,0.000948,0,0.103,0.193,88.357,294563,4,0xA8ukLzlZ4pHs0w4JFFAu
4a6gCiN3y65Dg1U3aTkFNW,Just Jesus,0.679,0.757,10,-7.668,0,0.0556,0.0255,0.355,0.312,0.611,110.015,215067,4,0xA8ukLzlZ4pHs0w4JFFAu
6apFmBCR7iOTwZ1yK8xcDT,Let Go,0.59,0.923,0,-6.576,1,0.117,0.0236,0,0.0669,0.496,126.032,230880,4,0xA8ukLzlZ4pHs0w4JFFAu
7vJhZnFfHRgHArNOb2Y6pW,Highs & Lows,0.522,0.309,10,-12.762,1,0.031,0.541,0.000778,0.0953,0.0432,119.879,354787,3,0xA8ukLzlZ4pHs0w4JFFAu
7rqAUvqxpNHKgEFQw6sFSt,Love Won't Let Me Down,0.67,0.822,7,-6.227,1,0.0379,0.00201,1.15e-06,0.0915,0.348,124.09,207413,4,0xA8ukLzlZ4pHs0w4JFFAu
5oNVcN0U025yRRH8pbl82p,First Love,0.44,0.696,8,-7.034,1,0.0329,0.0149,6.85e-06,0.137,0.168,79.967,318227,4,0xA8ukLzlZ4pHs0w4JFFAu
63BqUlW3h2ojDnexl3NxrQ,Every Little Thing,0.477,0.67,5,-6.741,1,0.0322,0.0453,0,0.117,0.451,154.991,204867,4,0xA8ukLzlZ4pHs0w4JFFAu
5Wqz0Ayyr6ciO1oSAujrGj,P E A C E,0.437,0.357,11,-12.497,0,0.0281,0.49,0.00633,0.0937,0.132,127.949,238493,3,0xA8ukLzlZ4pHs0w4JFFAu
24UZjJnRpd3k94FCXYhyl0,Uncomplicated - Live,0.399,0.461,7,-9.841,1,0.0283,0.0449,1.41e-05,0.352,0.208,143.997,349000,4,0xA8ukLzlZ4pHs0w4JFFAu
4TEZ3JnsPaYJ0XEny6hUqF,Let Go - Acoustic,0.559,0.573,0,-6.241,1,0.029,0.0145,0,0.104,0.174,123.902,247793,4,0xA8ukLzlZ4pHs0w4JFFAu
0qf2iUDfPDtrLeJFmOvVn6,King of My Heart - Live,0.438,0.529,9,-9.224,1,0.0324,0.0113,0,0.109,0.395,136.147,299366,4,0xA8ukLzlZ4pHs0w4JFFAu
75cNOcR2tAC4SbmVTifaKy,God With Us,0.322,0.23,4,-8.529,1,0.0317,0.823,0,0.117,0.182,141.646,271360,3,0xA8ukLzlZ4pHs0w4JFFAu
2RuUAwOz2vyArTaiMQUL7j,Famous For (I Believe),0.449,0.67,7,-6.409,0,0.0458,0.299,0,0.0881,0.21,171.947,242401,4,0xA8ukLzlZ4pHs0w4JFFAu
5AkoMexMFW2knOhHOuS9iV,In Jesus' Name - Live,0.423,0.714,7,-6.543,1,0.0398,0.000417,1.9e-06,0.131,0.0729,104.996,599587,4,0xA8ukLzlZ4pHs0w4JFFAu
5Ezujip0fVjJ48dlCV07YM,Every Breath - Studio,0.389,0.393,0,-9.021,1,0.0284,0.146,3.62e-06,0.0951,0.127,136.439,291400,3,0xA8ukLzlZ4pHs0w4JFFAu
7vnDNpXyiBTDa074lnGvAT,Deliver Us,0.268,0.231,7,-12.04,1,0.03,0.104,0.000103,0.221,0.0902,107.629,397091,3,0xA8ukLzlZ4pHs0w4JFFAu
7e1fsda7EnyffPExymSXkt,"Nearer, My God, to Thee (Arr. James L. Stevens)",0.204,0.189,3,-9.864,1,0.0311,0.715,0,0.103,0.101,83.531,191083,4,0xA8ukLzlZ4pHs0w4JFFAu
6dcVuuFbBFNHux4RDepCxZ,Indescribable - Live,0.364,0.864,5,-5.742,1,0.0704,0.0305,0,0.979,0.394,104.992,218267,4,0xA8ukLzlZ4pHs0w4JFFAu
2soQW3y7DwZIPH4fS5av1W,Dancing on the Waves,0.318,0.209,2,-10.664,1,0.0295,0.934,0,0.0946,0.365,90.336,376093,3,0xA8ukLzlZ4pHs0w4JFFAu
2s1a8wNeH6IiOSowWj9veS,Be Thou My Vision,0.194,0.324,1,-12.412,1,0.0338,0.902,0.196,0.109,0.157,169.758,213730,3,0xA8ukLzlZ4pHs0w4JFFAu
5bbpGneGOh76SyDWEhZRXN,Shiloh,0.457,0.279,5,-11.7,1,0.0336,0.867,4.84e-06,0.118,0.216,82.023,268360,4,0xA8ukLzlZ4pHs0w4JFFAu
2EullfPQH8lklDEZSVPDJM,"Señor, Te Necesito",0.402,0.456,7,-6.116,1,0.0287,0.18,0,0.106,0.214,74.879,204167,3,0xA8ukLzlZ4pHs0w4JFFAu
6lcow8Pr8Jes4rN4nDO5in,我欲來謳咾主,0.365,0.879,7,-6.114,1,0.272,0.00554,0,0.138,0.842,167.998,193242,4,0xA8ukLzlZ4pHs0w4JFFAu
5FgpncG7xK64rhIIaRp3ho,Oceans,0.267,0.455,2,-8.749,1,0.0315,0.745,0.00383,0.0718,0.113,131.753,422510,4,0xA8ukLzlZ4pHs0w4JFFAu
56J2dBLWHJr6PxkmQIhT84,Lehi Eli Tshukati,0.544,0.445,8,-8.558,0,0.0312,0.703,0,0.359,0.439,130.018,263533,4,0xA8ukLzlZ4pHs0w4JFFAu
6AowVmxZ6G2zikw5MeqfOG,Need Your Love - Live,0.571,0.853,9,-6.589,0,0.0465,0.00643,1.32e-06,0.684,0.376,126.016,209920,4,0xA8ukLzlZ4pHs0w4JFFAu
1WJLFvLk0a0WaYEnza8eAH,Keep On - Live,0.497,0.419,4,-9.445,1,0.0368,0.723,1.04e-06,0.753,0.636,180.014,181493,4,0xA8ukLzlZ4pHs0w4JFFAu
4c7POOm0xmJQW3HZkT1Zfz,Need Your Love - Studio,0.688,0.661,9,-5.848,0,0.095,0.00192,0,0.103,0.448,126.033,172601,4,0xA8ukLzlZ4pHs0w4JFFAu
4uFHiIdvpDAABh9N5Zuinh,Never Have I Ever - Live,0.48,0.853,0,-5.573,1,0.0372,0.00456,0,0.98,0.488,144.063,193875,4,0xA8ukLzlZ4pHs0w4JFFAu
5PX2agNKYpWmTpezD4LDCY,Mon Secours Est En Toi,0.412,0.542,3,-6.951,1,0.0262,0.0123,0.000336,0.103,0.116,83.979,391600,4,0xA8ukLzlZ4pHs0w4JFFAu
2ZdJNjf4CvFVXHQNqrRFZP,You Look So Good,0.666,0.729,11,-9.28,0,0.109,0.000262,0.000173,0.347,0.256,115.021,204565,3,1xUiSGbyQ12ThgnlrTKt5v
66Xr1Ujbgha6xm48lQYSml,Crush,0.716,0.48,5,-9.427,1,0.4,0.00188,0.00956,0.182,0.741,125.044,158931,4,1xUiSGbyQ12ThgnlrTKt5v
5O9Y1ihopRGt93Njsv24LX,Say,0.772,0.399,1,-11.414,1,0.172,0.000575,0.617,0.223,0.556,110.035,201328,4,1xUiSGbyQ12ThgnlrTKt5v
6HxvQBSIw4S1NQUFhH6dxR,Kawaii Desho,0.488,0.621,11,-11.501,0,0.359,0.00231,0.0337,0.247,0.294,128.01,175098,4,1xUiSGbyQ12ThgnlrTKt5v
2Vt5LfLccwjF3PJujVZ1qi,Pastel,0.764,0.606,7,-7.47,0,0.0496,0.00268,0.0378,0.182,0.43,128.004,246084,4,1xUiSGbyQ12ThgnlrTKt5v
7py4CtNzC4SN0z0CaMONYM,Virtual,0.75,0.486,7,-7.653,1,0.301,0.000852,0.0431,0.0833,0.325,110.172,212739,4,1xUiSGbyQ12ThgnlrTKt5v
7jBCew4aY5YL9xN25zyUq8,Blush - Moe Shop Remix,0.795,0.554,11,-8.738,0,0.0605,0.014,1.93e-06,0.207,0.335,127.007,180482,4,1xUiSGbyQ12ThgnlrTKt5v
4n0sVfRnd0UJsqcbPj7GqN,Notice,0.788,0.485,11,-7.801,0,0.256,0.0101,0.000524,0.0288,0.423,125.061,189130,4,1xUiSGbyQ12ThgnlrTKt5v
3a99nVOjWIe2vWXmOEKEpX,Blatant Plagiarism,0.662,0.767,0,-7.211,1,0.0959,0.0526,0.000555,0.098,0.659,120.026,170510,4,1xUiSGbyQ12ThgnlrTKt5v
6QVqhBd4NcFa4ib1SFaaGE,Lily Love,0.583,0.554,6,-7.473,0,0.0652,0.00748,0.0375,0.128,0.113,95.013,268303,4,1xUiSGbyQ12ThgnlrTKt5v
